timestamp,vehicles_count,hour,day_of_week,is_weekend,weather_HeavyRain,weather_Rain,is_holiday_Yes,lag_1,lag_2,lag_3,lag_24,lag_168
2024-03-15 00:00:00,389,0,4,0,False,False,False,420.0,391.0,311.0,383.0,408.0
2024-03-15 01:00:00,369,1,4,0,False,True,False,389.0,420.0,391.0,395.0,391.0
2024-03-15 02:00:00,387,2,4,0,False,False,False,369.0,389.0,420.0,369.0,380.0
2024-03-15 03:00:00,323,3,4,0,False,True,False,387.0,369.0,389.0,365.0,346.0
2024-03-15 04:00:00,333,4,4,0,False,False,False,323.0,387.0,369.0,327.0,319.0
2024-03-15 05:00:00,306,5,4,0,False,False,False,333.0,323.0,387.0,326.0,274.0
2024-03-15 06:00:00,315,6,4,0,False,False,False,306.0,333.0,323.0,275.0,235.0
2024-03-15 07:00:00,307,7,4,0,False,False,False,315.0,306.0,333.0,310.0,286.0
2024-03-15 08:00:00,289,8,4,0,False,True,False,307.0,315.0,306.0,320.0,336.0
2024-03-15 09:00:00,357,9,4,0,False,False,False,289.0,307.0,315.0,310.0,340.0
2024-03-15 10:00:00,380,10,4,0,False,False,False,357.0,289.0,307.0,377.0,352.0
2024-03-15 11:00:00,396,11,4,0,False,False,False,380.0,357.0,289.0,323.0,364.0
2024-03-15 12:00:00,404,12,4,0,False,False,False,396.0,380.0,357.0,391.0,391.0
2024-03-15 13:00:00,417,13,4,0,False,False,False,404.0,396.0,380.0,362.0,402.0
2024-03-15 14:00:00,385,14,4,0,False,False,False,417.0,404.0,396.0,373.0,379.0
2024-03-15 15:00:00,318,15,4,0,False,True,False,385.0,417.0,404.0,353.0,357.0
2024-03-15 16:00:00,284,16,4,0,False,True,False,318.0,385.0,417.0,291.0,329.0
2024-03-15 17:00:00,302,17,4,0,False,False,False,284.0,318.0,385.0,236.0,268.0
2024-03-15 18:00:00,254,18,4,0,False,True,False,302.0,284.0,318.0,279.0,267.0
2024-03-15 19:00:00,271,19,4,0,False,True,False,254.0,302.0,284.0,314.0,294.0
2024-03-15 20:00:00,320,20,4,0,False,False,False,271.0,254.0,302.0,318.0,290.0
2024-03-15 21:00:00,317,21,4,0,False,False,False,320.0,271.0,254.0,311.0,343.0
2024-03-15 22:00:00,332,22,4,0,False,True,False,317.0,320.0,271.0,391.0,337.0
2024-03-15 23:00:00,398,23,4,0,False,False,False,332.0,317.0,320.0,420.0,377.0
2024-03-16 00:00:00,269,0,5,1,False,False,False,398.0,332.0,317.0,389.0,224.0
2024-03-16 01:00:00,253,1,5,1,False,False,False,269.0,398.0,332.0,369.0,290.0
2024-03-16 02:00:00,268,2,5,1,False,False,False,253.0,269.0,398.0,387.0,223.0
2024-03-16 03:00:00,228,3,5,1,False,False,False,268.0,253.0,269.0,323.0,261.0
2024-03-16 04:00:00,203,4,5,1,False,False,False,228.0,268.0,253.0,333.0,203.0
2024-03-16 05:00:00,191,5,5,1,False,False,False,203.0,228.0,268.0,306.0,205.0
2024-03-16 06:00:00,197,6,5,1,False,False,False,191.0,203.0,228.0,315.0,203.0
2024-03-16 07:00:00,212,7,5,1,False,False,False,197.0,191.0,203.0,307.0,208.0
2024-03-16 08:00:00,225,8,5,1,False,False,False,212.0,197.0,191.0,289.0,183.0
2024-03-16 09:00:00,208,9,5,1,False,True,False,225.0,212.0,197.0,357.0,233.0
2024-03-16 10:00:00,207,10,5,1,False,True,False,208.0,225.0,212.0,380.0,248.0
2024-03-16 11:00:00,200,11,5,1,True,False,False,207.0,208.0,225.0,396.0,210.0
2024-03-16 12:00:00,256,12,5,1,False,False,False,200.0,207.0,208.0,404.0,283.0
2024-03-16 13:00:00,262,13,5,1,False,False,False,256.0,200.0,207.0,417.0,247.0
2024-03-16 14:00:00,232,14,5,1,False,False,False,262.0,256.0,200.0,385.0,241.0
2024-03-16 15:00:00,237,15,5,1,False,False,False,232.0,262.0,256.0,318.0,228.0
2024-03-16 16:00:00,226,16,5,1,False,False,False,237.0,232.0,262.0,284.0,178.0
2024-03-16 17:00:00,202,17,5,1,False,False,False,226.0,237.0,232.0,302.0,176.0
2024-03-16 18:00:00,203,18,5,1,False,False,False,202.0,226.0,237.0,254.0,193.0
2024-03-16 19:00:00,189,19,5,1,False,False,False,203.0,202.0,226.0,271.0,189.0
2024-03-16 20:00:00,173,20,5,1,False,True,False,189.0,203.0,202.0,320.0,187.0
2024-03-16 21:00:00,220,21,5,1,False,False,False,173.0,189.0,203.0,317.0,233.0
2024-03-16 22:00:00,260,22,5,1,False,False,False,220.0,173.0,189.0,332.0,258.0
2024-03-16 23:00:00,246,23,5,1,False,True,False,260.0,220.0,173.0,398.0,260.0
2024-03-17 00:00:00,261,0,6,1,False,False,False,246.0,260.0,220.0,269.0,292.0
2024-03-17 01:00:00,278,1,6,1,False,False,False,261.0,246.0,260.0,253.0,263.0
2024-03-17 02:00:00,249,2,6,1,False,False,False,278.0,261.0,246.0,268.0,266.0
2024-03-17 03:00:00,254,3,6,1,False,False,False,249.0,278.0,261.0,228.0,201.0
2024-03-17 04:00:00,224,4,6,1,False,False,False,254.0,249.0,278.0,203.0,224.0
2024-03-17 05:00:00,199,5,6,1,False,False,False,224.0,254.0,249.0,191.0,178.0
2024-03-17 06:00:00,207,6,6,1,False,False,False,199.0,224.0,254.0,197.0,163.0
2024-03-17 07:00:00,191,7,6,1,False,False,False,207.0,199.0,224.0,212.0,198.0
2024-03-17 08:00:00,200,8,6,1,False,False,False,191.0,207.0,199.0,225.0,213.0
2024-03-17 09:00:00,211,9,6,1,False,False,False,200.0,191.0,207.0,208.0,228.0
2024-03-17 10:00:00,249,10,6,1,False,False,False,211.0,200.0,191.0,207.0,180.0
2024-03-17 11:00:00,233,11,6,1,False,True,False,249.0,211.0,200.0,200.0,283.0
2024-03-17 12:00:00,212,12,6,1,True,False,False,233.0,249.0,211.0,256.0,264.0
2024-03-17 13:00:00,233,13,6,1,False,True,False,212.0,233.0,249.0,262.0,273.0
2024-03-17 14:00:00,270,14,6,1,False,False,False,233.0,212.0,233.0,232.0,222.0
2024-03-17 15:00:00,231,15,6,1,False,False,False,270.0,233.0,212.0,237.0,190.0
2024-03-17 16:00:00,209,16,6,1,False,False,False,231.0,270.0,233.0,226.0,214.0
2024-03-17 17:00:00,219,17,6,1,False,False,False,209.0,231.0,270.0,202.0,212.0
2024-03-17 18:00:00,195,18,6,1,False,True,False,219.0,209.0,231.0,203.0,179.0
2024-03-17 19:00:00,204,19,6,1,False,False,False,195.0,219.0,209.0,189.0,166.0
2024-03-17 20:00:00,169,20,6,1,False,True,False,204.0,195.0,219.0,173.0,223.0
2024-03-17 21:00:00,175,21,6,1,True,False,False,169.0,204.0,195.0,220.0,236.0
2024-03-17 22:00:00,253,22,6,1,False,False,False,175.0,169.0,204.0,260.0,253.0
2024-03-17 23:00:00,260,23,6,1,False,False,False,253.0,175.0,169.0,246.0,272.0
2024-03-18 00:00:00,419,0,0,0,False,False,False,260.0,253.0,175.0,261.0,413.0
2024-03-18 01:00:00,380,1,0,0,False,False,False,419.0,260.0,253.0,278.0,396.0
2024-03-18 02:00:00,387,2,0,0,False,False,False,380.0,419.0,260.0,249.0,363.0
2024-03-18 03:00:00,346,3,0,0,False,False,False,387.0,380.0,419.0,254.0,337.0
2024-03-18 04:00:00,343,4,0,0,False,False,False,346.0,387.0,380.0,224.0,311.0
2024-03-18 05:00:00,305,5,0,0,False,False,False,343.0,346.0,387.0,199.0,315.0
2024-03-18 06:00:00,308,6,0,0,False,False,False,305.0,343.0,346.0,207.0,268.0
2024-03-18 07:00:00,232,7,0,0,True,False,False,308.0,305.0,343.0,191.0,295.0
2024-03-18 08:00:00,300,8,0,0,False,False,False,232.0,308.0,305.0,200.0,317.0
2024-03-18 09:00:00,329,9,0,0,False,False,False,300.0,232.0,308.0,211.0,342.0
2024-03-18 10:00:00,362,10,0,0,False,False,False,329.0,300.0,232.0,249.0,365.0
2024-03-18 11:00:00,378,11,0,0,False,False,False,362.0,329.0,300.0,233.0,382.0
2024-03-18 12:00:00,414,12,0,0,False,False,False,378.0,362.0,329.0,212.0,426.0
2024-03-18 13:00:00,412,13,0,0,False,False,False,414.0,378.0,362.0,233.0,399.0
2024-03-18 14:00:00,345,14,0,0,False,True,False,412.0,414.0,378.0,270.0,372.0
2024-03-18 15:00:00,342,15,0,0,False,False,False,345.0,412.0,414.0,231.0,338.0
2024-03-18 16:00:00,293,16,0,0,False,True,False,342.0,345.0,412.0,209.0,286.0
2024-03-18 17:00:00,298,17,0,0,False,False,False,293.0,342.0,345.0,219.0,315.0
2024-03-18 18:00:00,313,18,0,0,False,False,False,298.0,293.0,342.0,195.0,305.0
2024-03-18 19:00:00,304,19,0,0,False,False,False,313.0,298.0,293.0,204.0,297.0
2024-03-18 20:00:00,323,20,0,0,False,False,False,304.0,313.0,298.0,169.0,286.0
2024-03-18 21:00:00,337,21,0,0,False,False,False,323.0,304.0,313.0,175.0,338.0
2024-03-18 22:00:00,345,22,0,0,False,False,False,337.0,323.0,304.0,253.0,319.0
2024-03-18 23:00:00,342,23,0,0,False,True,False,345.0,337.0,323.0,260.0,367.0
2024-03-19 00:00:00,387,0,1,0,False,False,False,342.0,345.0,337.0,419.0,364.0
2024-03-19 01:00:00,400,1,1,0,False,False,False,387.0,342.0,345.0,380.0,386.0
2024-03-19 02:00:00,380,2,1,0,False,False,False,400.0,387.0,342.0,387.0,370.0
2024-03-19 03:00:00,309,3,1,0,False,True,False,380.0,400.0,387.0,346.0,352.0
2024-03-19 04:00:00,323,4,1,0,False,False,False,309.0,380.0,400.0,343.0,338.0
2024-03-19 05:00:00,325,5,1,0,False,False,False,323.0,309.0,380.0,305.0,303.0
2024-03-19 06:00:00,285,6,1,0,False,False,False,325.0,323.0,309.0,308.0,279.0
2024-03-19 07:00:00,259,7,1,0,False,True,False,285.0,325.0,323.0,232.0,259.0
2024-03-19 08:00:00,314,8,1,0,False,False,False,259.0,285.0,325.0,300.0,318.0
2024-03-19 09:00:00,334,9,1,0,False,False,False,314.0,259.0,285.0,329.0,346.0
2024-03-19 10:00:00,327,10,1,0,False,True,False,334.0,314.0,259.0,362.0,368.0
2024-03-19 11:00:00,396,11,1,0,False,False,False,327.0,334.0,314.0,378.0,402.0
2024-03-19 12:00:00,381,12,1,0,False,True,False,396.0,327.0,334.0,414.0,372.0
2024-03-19 13:00:00,375,13,1,0,False,False,False,381.0,396.0,327.0,412.0,400.0
2024-03-19 14:00:00,379,14,1,0,False,False,False,375.0,381.0,396.0,345.0,379.0
2024-03-19 15:00:00,354,15,1,0,False,False,False,379.0,375.0,381.0,342.0,351.0
2024-03-19 16:00:00,326,16,1,0,False,False,False,354.0,379.0,375.0,293.0,334.0
2024-03-19 17:00:00,304,17,1,0,False,False,False,326.0,354.0,379.0,298.0,317.0
2024-03-19 18:00:00,292,18,1,0,False,False,False,304.0,326.0,354.0,313.0,267.0
2024-03-19 19:00:00,312,19,1,0,False,False,False,292.0,304.0,326.0,304.0,305.0
2024-03-19 20:00:00,311,20,1,0,False,False,False,312.0,292.0,304.0,323.0,313.0
2024-03-19 21:00:00,340,21,1,0,False,False,False,311.0,312.0,292.0,337.0,291.0
2024-03-19 22:00:00,369,22,1,0,False,False,False,340.0,311.0,312.0,345.0,357.0
2024-03-19 23:00:00,391,23,1,0,False,False,False,369.0,340.0,311.0,342.0,399.0
2024-03-20 00:00:00,398,0,2,0,False,False,False,391.0,369.0,340.0,387.0,405.0
2024-03-20 01:00:00,408,1,2,0,False,False,False,398.0,391.0,369.0,400.0,415.0
2024-03-20 02:00:00,379,2,2,0,False,False,False,408.0,398.0,391.0,380.0,342.0
2024-03-20 03:00:00,356,3,2,0,False,False,False,379.0,408.0,398.0,309.0,294.0
2024-03-20 04:00:00,327,4,2,0,False,False,False,356.0,379.0,408.0,323.0,343.0
2024-03-20 05:00:00,233,5,2,0,True,False,False,327.0,356.0,379.0,325.0,318.0
2024-03-20 06:00:00,286,6,2,0,False,False,False,233.0,327.0,356.0,285.0,289.0
2024-03-20 07:00:00,287,7,2,0,False,False,False,286.0,233.0,327.0,259.0,238.0
2024-03-20 08:00:00,319,8,2,0,False,False,False,287.0,286.0,233.0,314.0,318.0
2024-03-20 09:00:00,333,9,2,0,False,False,False,319.0,287.0,286.0,334.0,330.0
2024-03-20 10:00:00,356,10,2,0,False,False,False,333.0,319.0,287.0,327.0,301.0
2024-03-20 11:00:00,393,11,2,0,False,False,False,356.0,333.0,319.0,396.0,402.0
2024-03-20 12:00:00,406,12,2,0,False,False,False,393.0,356.0,333.0,381.0,394.0
2024-03-20 13:00:00,375,13,2,0,False,False,False,406.0,393.0,356.0,375.0,380.0
2024-03-20 14:00:00,362,14,2,0,False,True,False,375.0,406.0,393.0,379.0,376.0
2024-03-20 15:00:00,354,15,2,0,False,False,False,362.0,375.0,406.0,354.0,352.0
2024-03-20 16:00:00,326,16,2,0,False,False,False,354.0,362.0,375.0,326.0,324.0
2024-03-20 17:00:00,319,17,2,0,False,False,False,326.0,354.0,362.0,304.0,298.0
2024-03-20 18:00:00,297,18,2,0,False,False,False,319.0,326.0,354.0,292.0,301.0
2024-03-20 19:00:00,293,19,2,0,False,False,False,297.0,319.0,326.0,312.0,300.0
2024-03-20 20:00:00,343,20,2,0,False,False,False,293.0,297.0,319.0,311.0,305.0
2024-03-20 21:00:00,329,21,2,0,False,False,False,343.0,293.0,297.0,340.0,349.0
2024-03-20 22:00:00,368,22,2,0,False,False,False,329.0,343.0,293.0,369.0,375.0
2024-03-20 23:00:00,361,23,2,0,False,True,False,368.0,329.0,343.0,391.0,387.0
2024-03-21 00:00:00,387,0,3,0,False,False,False,361.0,368.0,329.0,398.0,383.0
2024-03-21 01:00:00,395,1,3,0,False,False,False,387.0,361.0,368.0,408.0,395.0
2024-03-21 02:00:00,384,2,3,0,False,False,False,395.0,387.0,361.0,379.0,369.0
2024-03-21 03:00:00,383,3,3,0,False,False,False,384.0,395.0,387.0,356.0,365.0
2024-03-21 04:00:00,317,4,3,0,False,False,False,383.0,384.0,395.0,327.0,327.0
2024-03-21 05:00:00,305,5,3,0,False,False,False,317.0,383.0,384.0,233.0,326.0
2024-03-21 06:00:00,304,6,3,0,False,False,False,305.0,317.0,383.0,286.0,275.0
2024-03-21 07:00:00,301,7,3,0,False,False,False,304.0,305.0,317.0,287.0,310.0
2024-03-21 08:00:00,302,8,3,0,False,False,False,301.0,304.0,305.0,319.0,320.0
2024-03-21 09:00:00,347,9,3,0,False,False,False,302.0,301.0,304.0,333.0,310.0
2024-03-21 10:00:00,370,10,3,0,False,False,False,347.0,302.0,301.0,356.0,377.0
2024-03-21 11:00:00,395,11,3,0,False,False,False,370.0,347.0,302.0,393.0,323.0
2024-03-21 12:00:00,414,12,3,0,False,False,False,395.0,370.0,347.0,406.0,391.0
2024-03-21 13:00:00,408,13,3,0,False,False,False,414.0,395.0,370.0,375.0,362.0
2024-03-21 14:00:00,384,14,3,0,False,False,False,408.0,414.0,395.0,362.0,373.0
2024-03-21 15:00:00,322,15,3,0,False,True,False,384.0,408.0,414.0,354.0,353.0
2024-03-21 16:00:00,314,16,3,0,False,False,False,322.0,384.0,408.0,326.0,291.0
2024-03-21 17:00:00,304,17,3,0,False,False,False,314.0,322.0,384.0,319.0,236.0
2024-03-21 18:00:00,299,18,3,0,False,False,False,304.0,314.0,322.0,297.0,279.0
2024-03-21 19:00:00,265,19,3,0,False,True,False,299.0,304.0,314.0,293.0,314.0
2024-03-21 20:00:00,318,20,3,0,False,False,False,265.0,299.0,304.0,343.0,318.0
2024-03-21 21:00:00,332,21,3,0,False,False,False,318.0,265.0,299.0,329.0,311.0
2024-03-21 22:00:00,387,22,3,0,False,False,False,332.0,318.0,265.0,368.0,391.0
2024-03-21 23:00:00,416,23,3,0,False,False,False,387.0,332.0,318.0,361.0,420.0
2024-03-22 00:00:00,395,0,4,0,False,False,False,416.0,387.0,332.0,387.0,389.0
2024-03-22 01:00:00,401,1,4,0,False,False,False,395.0,416.0,387.0,395.0,369.0
2024-03-22 02:00:00,376,2,4,0,False,False,False,401.0,395.0,416.0,384.0,387.0
2024-03-22 03:00:00,369,3,4,0,False,False,False,376.0,401.0,395.0,383.0,323.0
2024-03-22 04:00:00,332,4,4,0,False,False,False,369.0,376.0,401.0,317.0,333.0
2024-03-22 05:00:00,307,5,4,0,False,False,False,332.0,369.0,376.0,305.0,306.0
2024-03-22 06:00:00,293,6,4,0,False,False,False,307.0,332.0,369.0,304.0,315.0
2024-03-22 07:00:00,302,7,4,0,False,False,False,293.0,307.0,332.0,301.0,307.0
2024-03-22 08:00:00,273,8,4,0,False,True,False,302.0,293.0,307.0,302.0,289.0
2024-03-22 09:00:00,350,9,4,0,False,False,False,273.0,302.0,293.0,347.0,357.0
2024-03-22 10:00:00,360,10,4,0,False,False,False,350.0,273.0,302.0,370.0,380.0
2024-03-22 11:00:00,396,11,4,0,False,False,False,360.0,350.0,273.0,395.0,396.0
2024-03-22 12:00:00,362,12,4,0,False,True,False,396.0,360.0,350.0,414.0,404.0
2024-03-22 13:00:00,409,13,4,0,False,False,False,362.0,396.0,360.0,408.0,417.0
2024-03-22 14:00:00,379,14,4,0,False,False,False,409.0,362.0,396.0,384.0,385.0
2024-03-22 15:00:00,366,15,4,0,False,False,False,379.0,409.0,362.0,322.0,318.0
2024-03-22 16:00:00,316,16,4,0,False,False,False,366.0,379.0,409.0,314.0,284.0
2024-03-22 17:00:00,252,17,4,0,True,False,False,316.0,366.0,379.0,304.0,302.0
2024-03-22 18:00:00,293,18,4,0,False,False,False,252.0,316.0,366.0,299.0,254.0
2024-03-22 19:00:00,302,19,4,0,False,False,False,293.0,252.0,316.0,265.0,271.0
2024-03-22 20:00:00,318,20,4,0,False,False,False,302.0,293.0,252.0,318.0,320.0
2024-03-22 21:00:00,353,21,4,0,False,False,False,318.0,302.0,293.0,332.0,317.0
2024-03-22 22:00:00,271,22,4,0,True,False,False,353.0,318.0,302.0,387.0,332.0
2024-03-22 23:00:00,394,23,4,0,False,False,False,271.0,353.0,318.0,416.0,398.0
2024-03-23 00:00:00,249,0,5,1,False,False,False,394.0,271.0,353.0,395.0,269.0
2024-03-23 01:00:00,278,1,5,1,False,False,False,249.0,394.0,271.0,401.0,253.0
2024-03-23 02:00:00,229,2,5,1,False,False,False,278.0,249.0,394.0,376.0,268.0
2024-03-23 03:00:00,200,3,5,1,False,True,False,229.0,278.0,249.0,369.0,228.0
2024-03-23 04:00:00,198,4,5,1,False,False,False,200.0,229.0,278.0,332.0,203.0
2024-03-23 05:00:00,224,5,5,1,False,False,False,198.0,200.0,229.0,307.0,191.0
2024-03-23 06:00:00,182,6,5,1,False,False,False,224.0,198.0,200.0,293.0,197.0
2024-03-23 07:00:00,181,7,5,1,False,True,False,182.0,224.0,198.0,302.0,212.0
2024-03-23 08:00:00,184,8,5,1,False,True,False,181.0,182.0,224.0,273.0,225.0
2024-03-23 09:00:00,206,9,5,1,False,False,False,184.0,181.0,182.0,350.0,208.0
2024-03-23 10:00:00,242,10,5,1,False,False,False,206.0,184.0,181.0,360.0,207.0
2024-03-23 11:00:00,268,11,5,1,False,False,False,242.0,206.0,184.0,396.0,200.0
2024-03-23 12:00:00,264,12,5,1,False,False,False,268.0,242.0,206.0,362.0,256.0
2024-03-23 13:00:00,275,13,5,1,False,False,False,264.0,268.0,242.0,409.0,262.0
2024-03-23 14:00:00,248,14,5,1,False,False,False,275.0,264.0,268.0,379.0,232.0
2024-03-23 15:00:00,236,15,5,1,False,False,False,248.0,275.0,264.0,366.0,237.0
2024-03-23 16:00:00,214,16,5,1,False,False,False,236.0,248.0,275.0,316.0,226.0
2024-03-23 17:00:00,208,17,5,1,False,False,False,214.0,236.0,248.0,252.0,202.0
2024-03-23 18:00:00,220,18,5,1,False,False,False,208.0,214.0,236.0,293.0,203.0
2024-03-23 19:00:00,204,19,5,1,False,False,False,220.0,208.0,214.0,302.0,189.0
2024-03-23 20:00:00,214,20,5,1,False,False,False,204.0,220.0,208.0,318.0,173.0
2024-03-23 21:00:00,198,21,5,1,False,True,False,214.0,204.0,220.0,353.0,220.0
2024-03-23 22:00:00,188,22,5,1,True,False,False,198.0,214.0,204.0,271.0,260.0
2024-03-23 23:00:00,278,23,5,1,False,False,False,188.0,198.0,214.0,394.0,246.0
2024-03-24 00:00:00,227,0,6,1,False,True,False,278.0,188.0,198.0,249.0,261.0
2024-03-24 01:00:00,227,1,6,1,False,True,False,227.0,278.0,188.0,278.0,278.0
2024-03-24 02:00:00,226,2,6,1,False,True,False,227.0,227.0,278.0,229.0,249.0
2024-03-24 03:00:00,231,3,6,1,False,False,False,226.0,227.0,227.0,200.0,254.0
2024-03-24 04:00:00,242,4,6,1,False,False,False,231.0,226.0,227.0,198.0,224.0
2024-03-24 05:00:00,155,5,6,1,False,True,False,242.0,231.0,226.0,224.0,199.0
2024-03-24 06:00:00,182,6,6,1,False,True,False,155.0,242.0,231.0,182.0,207.0
2024-03-24 07:00:00,189,7,6,1,False,True,False,182.0,155.0,242.0,181.0,191.0
2024-03-24 08:00:00,198,8,6,1,False,False,False,189.0,182.0,155.0,184.0,200.0
2024-03-24 09:00:00,197,9,6,1,False,True,False,198.0,189.0,182.0,206.0,211.0
2024-03-24 10:00:00,251,10,6,1,False,False,False,197.0,198.0,189.0,242.0,249.0
2024-03-24 11:00:00,254,11,6,1,False,True,False,251.0,197.0,198.0,268.0,233.0
2024-03-24 12:00:00,256,12,6,1,False,False,False,254.0,251.0,197.0,264.0,212.0
2024-03-24 13:00:00,245,13,6,1,False,False,False,256.0,254.0,251.0,275.0,233.0
2024-03-24 14:00:00,239,14,6,1,False,True,False,245.0,256.0,254.0,248.0,270.0
2024-03-24 15:00:00,254,15,6,1,False,False,False,239.0,245.0,256.0,236.0,231.0
2024-03-24 16:00:00,170,16,6,1,True,False,False,254.0,239.0,245.0,214.0,209.0
2024-03-24 17:00:00,177,17,6,1,False,False,False,170.0,254.0,239.0,208.0,219.0
2024-03-24 18:00:00,215,18,6,1,False,False,False,177.0,170.0,254.0,220.0,195.0
2024-03-24 19:00:00,178,19,6,1,False,True,False,215.0,177.0,170.0,204.0,204.0
2024-03-24 20:00:00,225,20,6,1,False,False,False,178.0,215.0,177.0,214.0,169.0
2024-03-24 21:00:00,227,21,6,1,False,False,False,225.0,178.0,215.0,198.0,175.0
2024-03-24 22:00:00,241,22,6,1,False,False,False,227.0,225.0,178.0,188.0,253.0
2024-03-24 23:00:00,229,23,6,1,False,True,False,241.0,227.0,225.0,278.0,260.0
2024-03-25 00:00:00,338,0,0,0,True,False,False,229.0,241.0,227.0,227.0,419.0
2024-03-25 01:00:00,413,1,0,0,False,False,False,338.0,229.0,241.0,227.0,380.0
2024-03-25 02:00:00,354,2,0,0,False,False,False,413.0,338.0,229.0,226.0,387.0
2024-03-25 03:00:00,343,3,0,0,False,False,False,354.0,413.0,338.0,231.0,346.0
2024-03-25 04:00:00,349,4,0,0,False,False,False,343.0,354.0,413.0,242.0,343.0
2024-03-25 05:00:00,302,5,0,0,False,False,False,349.0,343.0,354.0,155.0,305.0
2024-03-25 06:00:00,250,6,0,0,False,True,False,302.0,349.0,343.0,182.0,308.0
2024-03-25 07:00:00,300,7,0,0,False,False,False,250.0,302.0,349.0,189.0,232.0
2024-03-25 08:00:00,284,8,0,0,False,True,False,300.0,250.0,302.0,198.0,300.0
2024-03-25 09:00:00,272,9,0,0,True,False,False,284.0,300.0,250.0,197.0,329.0
2024-03-25 10:00:00,363,10,0,0,False,False,False,272.0,284.0,300.0,251.0,362.0
2024-03-25 11:00:00,386,11,0,0,False,False,False,363.0,272.0,284.0,254.0,378.0
2024-03-25 12:00:00,314,12,0,0,True,False,False,386.0,363.0,272.0,256.0,414.0
2024-03-25 13:00:00,400,13,0,0,False,False,False,314.0,386.0,363.0,245.0,412.0
2024-03-25 14:00:00,369,14,0,0,False,False,False,400.0,314.0,386.0,239.0,345.0
2024-03-25 15:00:00,351,15,0,0,False,False,False,369.0,400.0,314.0,254.0,342.0
2024-03-25 16:00:00,325,16,0,0,False,False,False,351.0,369.0,400.0,170.0,293.0
2024-03-25 17:00:00,322,17,0,0,False,False,False,325.0,351.0,369.0,177.0,298.0
2024-03-25 18:00:00,301,18,0,0,False,False,False,322.0,325.0,351.0,215.0,313.0
2024-03-25 19:00:00,299,19,0,0,False,False,False,301.0,322.0,325.0,178.0,304.0
2024-03-25 20:00:00,292,20,0,0,False,True,False,299.0,301.0,322.0,225.0,323.0
2024-03-25 21:00:00,347,21,0,0,False,False,False,292.0,299.0,301.0,227.0,337.0
2024-03-25 22:00:00,382,22,0,0,False,False,False,347.0,292.0,299.0,241.0,345.0
2024-03-25 23:00:00,396,23,0,0,False,False,False,382.0,347.0,292.0,229.0,342.0
2024-03-26 00:00:00,421,0,1,0,False,False,False,396.0,382.0,347.0,338.0,387.0
2024-03-26 01:00:00,412,1,1,0,False,False,False,421.0,396.0,382.0,413.0,400.0
2024-03-26 02:00:00,379,2,1,0,False,False,False,412.0,421.0,396.0,354.0,380.0
2024-03-26 03:00:00,314,3,1,0,False,True,False,379.0,412.0,421.0,343.0,309.0
2024-03-26 04:00:00,305,4,1,0,False,True,False,314.0,379.0,412.0,349.0,323.0
2024-03-26 05:00:00,282,5,1,0,False,True,False,305.0,314.0,379.0,302.0,325.0
2024-03-26 06:00:00,295,6,1,0,False,False,False,282.0,305.0,314.0,250.0,285.0
2024-03-26 07:00:00,282,7,1,0,False,False,False,295.0,282.0,305.0,300.0,259.0
2024-03-26 08:00:00,295,8,1,0,False,False,False,282.0,295.0,282.0,284.0,314.0
2024-03-26 09:00:00,346,9,1,0,False,False,False,295.0,282.0,295.0,272.0,334.0
2024-03-26 10:00:00,378,10,1,0,False,False,False,346.0,295.0,282.0,363.0,327.0
2024-03-26 11:00:00,400,11,1,0,False,False,False,378.0,346.0,295.0,386.0,396.0
2024-03-26 12:00:00,385,12,1,0,False,False,False,400.0,378.0,346.0,314.0,381.0
2024-03-26 13:00:00,408,13,1,0,False,False,False,385.0,400.0,378.0,400.0,375.0
2024-03-26 14:00:00,335,14,1,0,False,True,False,408.0,385.0,400.0,369.0,379.0
2024-03-26 15:00:00,359,15,1,0,False,False,False,335.0,408.0,385.0,351.0,354.0
2024-03-26 16:00:00,332,16,1,0,False,False,False,359.0,335.0,408.0,325.0,326.0
2024-03-26 17:00:00,266,17,1,0,False,True,False,332.0,359.0,335.0,322.0,304.0
2024-03-26 18:00:00,289,18,1,0,False,False,False,266.0,332.0,359.0,301.0,292.0
2024-03-26 19:00:00,275,19,1,0,False,False,False,289.0,266.0,332.0,299.0,312.0
2024-03-26 20:00:00,242,20,1,0,True,False,False,275.0,289.0,266.0,292.0,311.0
2024-03-26 21:00:00,320,21,1,0,False,False,False,242.0,275.0,289.0,347.0,340.0
2024-03-26 22:00:00,374,22,1,0,False,False,False,320.0,242.0,275.0,382.0,369.0
2024-03-26 23:00:00,391,23,1,0,False,False,False,374.0,320.0,242.0,396.0,391.0
2024-03-27 00:00:00,411,0,2,0,False,False,False,391.0,374.0,320.0,421.0,398.0
2024-03-27 01:00:00,361,1,2,0,False,True,False,411.0,391.0,374.0,412.0,408.0
2024-03-27 02:00:00,372,2,2,0,False,False,False,361.0,411.0,391.0,379.0,379.0
2024-03-27 03:00:00,323,3,2,0,False,True,False,372.0,361.0,411.0,314.0,356.0
2024-03-27 04:00:00,323,4,2,0,False,False,False,323.0,372.0,361.0,305.0,327.0
2024-03-27 05:00:00,283,5,2,0,False,True,False,323.0,323.0,372.0,282.0,233.0
2024-03-27 06:00:00,300,6,2,0,False,False,False,283.0,323.0,323.0,295.0,286.0
2024-03-27 07:00:00,288,7,2,0,False,False,False,300.0,283.0,323.0,282.0,287.0
2024-03-27 08:00:00,253,8,2,0,True,False,False,288.0,300.0,283.0,295.0,319.0
2024-03-27 09:00:00,343,9,2,0,False,False,False,253.0,288.0,300.0,346.0,333.0
2024-03-27 10:00:00,365,10,2,0,False,False,False,343.0,253.0,288.0,378.0,356.0
2024-03-27 11:00:00,323,11,2,0,True,False,False,365.0,343.0,253.0,400.0,393.0
2024-03-27 12:00:00,421,12,2,0,False,False,False,323.0,365.0,343.0,385.0,406.0
2024-03-27 13:00:00,392,13,2,0,False,False,False,421.0,323.0,365.0,408.0,375.0
2024-03-27 14:00:00,375,14,2,0,False,False,False,392.0,421.0,323.0,335.0,362.0
2024-03-27 15:00:00,327,15,2,0,False,False,False,375.0,392.0,421.0,359.0,354.0
2024-03-27 16:00:00,326,16,2,0,False,False,False,327.0,375.0,392.0,332.0,326.0
2024-03-27 17:00:00,301,17,2,0,False,False,False,326.0,327.0,375.0,266.0,319.0
2024-03-27 18:00:00,270,18,2,0,False,False,False,301.0,326.0,327.0,289.0,297.0
2024-03-27 19:00:00,303,19,2,0,False,False,False,270.0,301.0,326.0,275.0,293.0
2024-03-27 20:00:00,324,20,2,0,False,False,False,303.0,270.0,301.0,242.0,343.0
2024-03-27 21:00:00,333,21,2,0,False,False,False,324.0,303.0,270.0,320.0,329.0
2024-03-27 22:00:00,364,22,2,0,False,False,False,333.0,324.0,303.0,374.0,368.0
2024-03-27 23:00:00,378,23,2,0,False,False,False,364.0,333.0,324.0,391.0,361.0
2024-03-28 00:00:00,369,0,3,0,False,True,False,378.0,364.0,333.0,411.0,387.0
2024-03-28 01:00:00,378,1,3,0,False,False,False,369.0,378.0,364.0,361.0,395.0
2024-03-28 02:00:00,375,2,3,0,False,False,False,378.0,369.0,378.0,372.0,384.0
2024-03-28 03:00:00,377,3,3,0,False,False,False,375.0,378.0,369.0,323.0,383.0
2024-03-28 04:00:00,328,4,3,0,False,False,False,377.0,375.0,378.0,323.0,317.0
2024-03-28 05:00:00,312,5,3,0,False,False,False,328.0,377.0,375.0,283.0,305.0
2024-03-28 06:00:00,294,6,3,0,False,False,False,312.0,328.0,377.0,300.0,304.0
2024-03-28 07:00:00,286,7,3,0,False,False,False,294.0,312.0,328.0,288.0,301.0
2024-03-28 08:00:00,316,8,3,0,False,False,False,286.0,294.0,312.0,253.0,302.0
2024-03-28 09:00:00,347,9,3,0,False,False,False,316.0,286.0,294.0,343.0,347.0
2024-03-28 10:00:00,357,10,3,0,False,False,False,347.0,316.0,286.0,365.0,370.0
2024-03-28 11:00:00,355,11,3,0,False,True,False,357.0,347.0,316.0,323.0,395.0
2024-03-28 12:00:00,335,12,3,0,True,False,False,355.0,357.0,347.0,421.0,414.0
2024-03-28 13:00:00,409,13,3,0,False,False,False,335.0,355.0,357.0,392.0,408.0
2024-03-28 14:00:00,322,14,3,0,False,True,False,409.0,335.0,355.0,375.0,384.0
2024-03-28 15:00:00,307,15,3,0,False,True,False,322.0,409.0,335.0,327.0,322.0
2024-03-28 16:00:00,308,16,3,0,False,False,False,307.0,322.0,409.0,326.0,314.0
2024-03-28 17:00:00,319,17,3,0,False,False,False,308.0,307.0,322.0,301.0,304.0
2024-03-28 18:00:00,303,18,3,0,False,False,False,319.0,308.0,307.0,270.0,299.0
2024-03-28 19:00:00,308,19,3,0,False,False,False,303.0,319.0,308.0,303.0,265.0
2024-03-28 20:00:00,306,20,3,0,False,False,False,308.0,303.0,319.0,324.0,318.0
2024-03-28 21:00:00,328,21,3,0,False,False,False,306.0,308.0,303.0,333.0,332.0
2024-03-28 22:00:00,370,22,3,0,False,False,False,328.0,306.0,308.0,364.0,387.0
2024-03-28 23:00:00,352,23,3,0,False,True,False,370.0,328.0,306.0,378.0,416.0
2024-03-29 00:00:00,350,0,4,0,False,True,False,352.0,370.0,328.0,369.0,395.0
2024-03-29 01:00:00,398,1,4,0,False,False,False,350.0,352.0,370.0,378.0,401.0
2024-03-29 02:00:00,387,2,4,0,False,False,False,398.0,350.0,352.0,375.0,376.0
2024-03-29 03:00:00,357,3,4,0,False,False,False,387.0,398.0,350.0,377.0,369.0
2024-03-29 04:00:00,282,4,4,0,False,True,False,357.0,387.0,398.0,328.0,332.0
2024-03-29 05:00:00,281,5,4,0,False,False,False,282.0,357.0,387.0,312.0,307.0
2024-03-29 06:00:00,293,6,4,0,False,False,False,281.0,282.0,357.0,294.0,293.0
2024-03-29 07:00:00,302,7,4,0,False,False,False,293.0,281.0,282.0,286.0,302.0
2024-03-29 08:00:00,282,8,4,0,False,True,False,302.0,293.0,281.0,316.0,273.0
2024-03-29 09:00:00,337,9,4,0,False,False,False,282.0,302.0,293.0,347.0,350.0
2024-03-29 10:00:00,360,10,4,0,False,False,False,337.0,282.0,302.0,357.0,360.0
2024-03-29 11:00:00,399,11,4,0,False,False,False,360.0,337.0,282.0,355.0,396.0
2024-03-29 12:00:00,359,12,4,0,False,True,False,399.0,360.0,337.0,335.0,362.0
2024-03-29 13:00:00,397,13,4,0,False,False,False,359.0,399.0,360.0,409.0,409.0
2024-03-29 14:00:00,368,14,4,0,False,False,False,397.0,359.0,399.0,322.0,379.0
2024-03-29 15:00:00,347,15,4,0,False,False,False,368.0,397.0,359.0,307.0,366.0
2024-03-29 16:00:00,329,16,4,0,False,False,False,347.0,368.0,397.0,308.0,316.0
2024-03-29 17:00:00,294,17,4,0,False,False,False,329.0,347.0,368.0,319.0,252.0
2024-03-29 18:00:00,281,18,4,0,False,False,False,294.0,329.0,347.0,303.0,293.0
2024-03-29 19:00:00,266,19,4,0,False,True,False,281.0,294.0,329.0,308.0,302.0
2024-03-29 20:00:00,331,20,4,0,False,False,False,266.0,281.0,294.0,306.0,318.0
2024-03-29 21:00:00,310,21,4,0,False,True,False,331.0,266.0,281.0,328.0,353.0
2024-03-29 22:00:00,349,22,4,0,False,True,False,310.0,331.0,266.0,370.0,271.0
2024-03-29 23:00:00,388,23,4,0,False,False,False,349.0,310.0,331.0,352.0,394.0
2024-03-30 00:00:00,263,0,5,1,False,False,True,388.0,349.0,310.0,350.0,249.0
2024-03-30 01:00:00,247,1,5,1,False,False,True,263.0,388.0,349.0,398.0,278.0
2024-03-30 02:00:00,246,2,5,1,False,False,True,247.0,263.0,388.0,387.0,229.0
2024-03-30 03:00:00,253,3,5,1,False,False,True,246.0,247.0,263.0,357.0,200.0
2024-03-30 04:00:00,222,4,5,1,False,False,True,253.0,246.0,247.0,282.0,198.0
2024-03-30 05:00:00,213,5,5,1,False,False,True,222.0,253.0,246.0,281.0,224.0
2024-03-30 06:00:00,206,6,5,1,False,False,True,213.0,222.0,253.0,293.0,182.0
2024-03-30 07:00:00,200,7,5,1,False,False,True,206.0,213.0,222.0,302.0,181.0
2024-03-30 08:00:00,209,8,5,1,False,False,True,200.0,206.0,213.0,282.0,184.0
2024-03-30 09:00:00,207,9,5,1,False,True,True,209.0,200.0,206.0,337.0,206.0
2024-03-30 10:00:00,254,10,5,1,False,False,True,207.0,209.0,200.0,360.0,242.0
2024-03-30 11:00:00,265,11,5,1,False,False,True,254.0,207.0,209.0,399.0,268.0
2024-03-30 12:00:00,246,12,5,1,False,True,True,265.0,254.0,207.0,359.0,264.0
2024-03-30 13:00:00,266,13,5,1,False,False,True,246.0,265.0,254.0,397.0,275.0
2024-03-30 14:00:00,244,14,5,1,False,False,True,266.0,246.0,265.0,368.0,248.0
2024-03-30 15:00:00,209,15,5,1,False,True,True,244.0,266.0,246.0,347.0,236.0
2024-03-30 16:00:00,207,16,5,1,False,False,True,209.0,244.0,266.0,329.0,214.0
2024-03-30 17:00:00,216,17,5,1,False,False,True,207.0,209.0,244.0,294.0,208.0
2024-03-30 18:00:00,172,18,5,1,False,False,True,216.0,207.0,209.0,281.0,220.0
2024-03-30 19:00:00,197,19,5,1,False,False,True,172.0,216.0,207.0,266.0,204.0
2024-03-30 20:00:00,240,20,5,1,False,False,True,197.0,172.0,216.0,331.0,214.0
2024-03-30 21:00:00,224,21,5,1,False,False,True,240.0,197.0,172.0,310.0,198.0
2024-03-30 22:00:00,232,22,5,1,False,False,True,224.0,240.0,197.0,349.0,188.0
2024-03-30 23:00:00,260,23,5,1,False,False,True,232.0,224.0,240.0,388.0,278.0
2024-03-31 00:00:00,255,0,6,1,False,True,True,260.0,232.0,224.0,263.0,227.0
2024-03-31 01:00:00,262,1,6,1,False,False,True,255.0,260.0,232.0,247.0,227.0
2024-03-31 02:00:00,260,2,6,1,False,False,True,262.0,255.0,260.0,246.0,226.0
2024-03-31 03:00:00,214,3,6,1,False,True,True,260.0,262.0,255.0,253.0,231.0
2024-03-31 04:00:00,214,4,6,1,False,False,True,214.0,260.0,262.0,222.0,242.0
2024-03-31 05:00:00,221,5,6,1,False,True,True,214.0,214.0,260.0,213.0,155.0
2024-03-31 06:00:00,198,6,6,1,False,False,True,221.0,214.0,214.0,206.0,182.0
2024-03-31 07:00:00,194,7,6,1,False,False,True,198.0,221.0,214.0,200.0,189.0
2024-03-31 08:00:00,184,8,6,1,False,True,True,194.0,198.0,221.0,209.0,198.0
2024-03-31 09:00:00,233,9,6,1,False,False,True,184.0,194.0,198.0,207.0,197.0
2024-03-31 10:00:00,226,10,6,1,False,True,True,233.0,184.0,194.0,254.0,251.0
2024-03-31 11:00:00,269,11,6,1,False,False,True,226.0,233.0,184.0,265.0,254.0
2024-03-31 12:00:00,268,12,6,1,False,False,True,269.0,226.0,233.0,246.0,256.0
2024-03-31 13:00:00,220,13,6,1,False,True,True,268.0,269.0,226.0,266.0,245.0
2024-03-31 14:00:00,234,14,6,1,False,True,True,220.0,268.0,269.0,244.0,239.0
2024-03-31 15:00:00,232,15,6,1,False,False,True,234.0,220.0,268.0,209.0,254.0
2024-03-31 16:00:00,215,16,6,1,False,False,True,232.0,234.0,220.0,207.0,170.0
2024-03-31 17:00:00,186,17,6,1,False,False,True,215.0,232.0,234.0,216.0,177.0
2024-03-31 18:00:00,190,18,6,1,False,False,True,186.0,215.0,232.0,172.0,215.0
2024-03-31 19:00:00,171,19,6,1,False,True,True,190.0,186.0,215.0,197.0,178.0
2024-03-31 20:00:00,211,20,6,1,False,False,True,171.0,190.0,186.0,240.0,225.0
2024-03-31 21:00:00,211,21,6,1,False,False,True,211.0,171.0,190.0,224.0,227.0
2024-03-31 22:00:00,197,22,6,1,True,False,True,211.0,211.0,171.0,232.0,241.0
2024-03-31 23:00:00,235,23,6,1,False,True,True,197.0,211.0,211.0,260.0,229.0
2024-04-01 00:00:00,387,0,0,0,False,False,False,235.0,197.0,211.0,255.0,338.0
2024-04-01 01:00:00,309,1,0,0,True,False,False,387.0,235.0,197.0,262.0,413.0
2024-04-01 02:00:00,369,2,0,0,False,False,False,309.0,387.0,235.0,260.0,354.0
2024-04-01 03:00:00,329,3,0,0,False,True,False,369.0,309.0,387.0,214.0,343.0
2024-04-01 04:00:00,297,4,0,0,False,False,False,329.0,369.0,309.0,214.0,349.0
2024-04-01 05:00:00,271,5,0,0,False,True,False,297.0,329.0,369.0,221.0,302.0
2024-04-01 06:00:00,276,6,0,0,False,False,False,271.0,297.0,329.0,198.0,250.0
2024-04-01 07:00:00,295,7,0,0,False,False,False,276.0,271.0,297.0,194.0,300.0
2024-04-01 08:00:00,327,8,0,0,False,False,False,295.0,276.0,271.0,184.0,284.0
2024-04-01 09:00:00,300,9,0,0,False,True,False,327.0,295.0,276.0,233.0,272.0
2024-04-01 10:00:00,334,10,0,0,False,True,False,300.0,327.0,295.0,226.0,363.0
2024-04-01 11:00:00,380,11,0,0,False,False,False,334.0,300.0,327.0,269.0,386.0
2024-04-01 12:00:00,383,12,0,0,False,True,False,380.0,334.0,300.0,268.0,314.0
2024-04-01 13:00:00,407,13,0,0,False,False,False,383.0,380.0,334.0,220.0,400.0
2024-04-01 14:00:00,355,14,0,0,False,True,False,407.0,383.0,380.0,234.0,369.0
2024-04-01 15:00:00,338,15,0,0,False,False,False,355.0,407.0,383.0,232.0,351.0
2024-04-01 16:00:00,314,16,0,0,False,False,False,338.0,355.0,407.0,215.0,325.0
2024-04-01 17:00:00,319,17,0,0,False,False,False,314.0,338.0,355.0,186.0,322.0
2024-04-01 18:00:00,294,18,0,0,False,False,False,319.0,314.0,338.0,190.0,301.0
2024-04-01 19:00:00,267,19,0,0,False,True,False,294.0,319.0,314.0,171.0,299.0
2024-04-01 20:00:00,321,20,0,0,False,False,False,267.0,294.0,319.0,211.0,292.0
2024-04-01 21:00:00,327,21,0,0,False,False,False,321.0,267.0,294.0,211.0,347.0
2024-04-01 22:00:00,378,22,0,0,False,False,False,327.0,321.0,267.0,197.0,382.0
2024-04-01 23:00:00,390,23,0,0,False,False,False,378.0,327.0,321.0,235.0,396.0
2024-04-02 00:00:00,406,0,1,0,False,False,False,390.0,378.0,327.0,387.0,421.0
2024-04-02 01:00:00,309,1,1,0,True,False,False,406.0,390.0,378.0,309.0,412.0
2024-04-02 02:00:00,385,2,1,0,False,False,False,309.0,406.0,390.0,369.0,379.0
2024-04-02 03:00:00,346,3,1,0,False,False,False,385.0,309.0,406.0,329.0,314.0
2024-04-02 04:00:00,273,4,1,0,True,False,False,346.0,385.0,309.0,297.0,305.0
2024-04-02 05:00:00,320,5,1,0,False,False,False,273.0,346.0,385.0,271.0,282.0
2024-04-02 06:00:00,307,6,1,0,False,False,False,320.0,273.0,346.0,276.0,295.0
2024-04-02 07:00:00,276,7,1,0,False,True,False,307.0,320.0,273.0,295.0,282.0
2024-04-02 08:00:00,324,8,1,0,False,False,False,276.0,307.0,320.0,327.0,295.0
2024-04-02 09:00:00,310,9,1,0,False,False,False,324.0,276.0,307.0,300.0,346.0
2024-04-02 10:00:00,379,10,1,0,False,False,False,310.0,324.0,276.0,334.0,378.0
2024-04-02 11:00:00,348,11,1,0,False,True,False,379.0,310.0,324.0,380.0,400.0
2024-04-02 12:00:00,401,12,1,0,False,False,False,348.0,379.0,310.0,383.0,385.0
2024-04-02 13:00:00,393,13,1,0,False,False,False,401.0,348.0,379.0,407.0,408.0
2024-04-02 14:00:00,325,14,1,0,False,True,False,393.0,401.0,348.0,355.0,335.0
2024-04-02 15:00:00,348,15,1,0,False,False,False,325.0,393.0,401.0,338.0,359.0
2024-04-02 16:00:00,335,16,1,0,False,False,False,348.0,325.0,393.0,314.0,332.0
2024-04-02 17:00:00,292,17,1,0,False,True,False,335.0,348.0,325.0,319.0,266.0
2024-04-02 18:00:00,289,18,1,0,False,False,False,292.0,335.0,348.0,294.0,289.0
2024-04-02 19:00:00,259,19,1,0,False,True,False,289.0,292.0,335.0,267.0,275.0
2024-04-02 20:00:00,303,20,1,0,False,True,False,259.0,289.0,292.0,321.0,242.0
2024-04-02 21:00:00,331,21,1,0,False,False,False,303.0,259.0,289.0,327.0,320.0
2024-04-02 22:00:00,394,22,1,0,False,False,False,331.0,303.0,259.0,378.0,374.0
2024-04-02 23:00:00,352,23,1,0,False,True,False,394.0,331.0,303.0,390.0,391.0
2024-04-03 00:00:00,389,0,2,0,False,False,False,352.0,394.0,331.0,406.0,411.0
2024-04-03 01:00:00,408,1,2,0,False,False,False,389.0,352.0,394.0,309.0,361.0
2024-04-03 02:00:00,362,2,2,0,False,True,False,408.0,389.0,352.0,385.0,372.0
2024-04-03 03:00:00,337,3,2,0,False,False,False,362.0,408.0,389.0,346.0,323.0
2024-04-03 04:00:00,346,4,2,0,False,False,False,337.0,362.0,408.0,273.0,323.0
2024-04-03 05:00:00,303,5,2,0,False,False,False,346.0,337.0,362.0,320.0,283.0
2024-04-03 06:00:00,314,6,2,0,False,False,False,303.0,346.0,337.0,307.0,300.0
2024-04-03 07:00:00,295,7,2,0,False,False,False,314.0,303.0,346.0,276.0,288.0
2024-04-03 08:00:00,298,8,2,0,False,False,False,295.0,314.0,303.0,324.0,253.0
2024-04-03 09:00:00,314,9,2,0,False,True,False,298.0,295.0,314.0,310.0,343.0
2024-04-03 10:00:00,380,10,2,0,False,False,False,314.0,298.0,295.0,379.0,365.0
2024-04-03 11:00:00,415,11,2,0,False,False,False,380.0,314.0,298.0,348.0,323.0
2024-04-03 12:00:00,421,12,2,0,False,False,False,415.0,380.0,314.0,401.0,421.0
2024-04-03 13:00:00,404,13,2,0,False,False,False,421.0,415.0,380.0,393.0,392.0
2024-04-03 14:00:00,376,14,2,0,False,False,False,404.0,421.0,415.0,325.0,375.0
2024-04-03 15:00:00,277,15,2,0,True,False,False,376.0,404.0,421.0,348.0,327.0
2024-04-03 16:00:00,324,16,2,0,False,False,False,277.0,376.0,404.0,335.0,326.0
2024-04-03 17:00:00,296,17,2,0,False,False,False,324.0,277.0,376.0,292.0,301.0
2024-04-03 18:00:00,293,18,2,0,False,False,False,296.0,324.0,277.0,289.0,270.0
2024-04-03 19:00:00,269,19,2,0,False,False,False,293.0,296.0,324.0,259.0,303.0
2024-04-03 20:00:00,319,20,2,0,False,False,False,269.0,293.0,296.0,303.0,324.0
2024-04-03 21:00:00,342,21,2,0,False,False,False,319.0,269.0,293.0,331.0,333.0
2024-04-03 22:00:00,400,22,2,0,False,False,False,342.0,319.0,269.0,394.0,364.0
2024-04-03 23:00:00,399,23,2,0,False,False,False,400.0,342.0,319.0,352.0,378.0
2024-04-04 00:00:00,394,0,3,0,False,False,False,399.0,400.0,342.0,389.0,369.0
2024-04-04 01:00:00,324,1,3,0,True,False,False,394.0,399.0,400.0,408.0,378.0
2024-04-04 02:00:00,364,2,3,0,False,False,False,324.0,394.0,399.0,362.0,375.0
2024-04-04 03:00:00,347,3,3,0,False,False,False,364.0,324.0,394.0,337.0,377.0
2024-04-04 04:00:00,272,4,3,0,False,True,False,347.0,364.0,324.0,346.0,328.0
2024-04-04 05:00:00,293,5,3,0,False,True,False,272.0,347.0,364.0,303.0,312.0
2024-04-04 06:00:00,303,6,3,0,False,False,False,293.0,272.0,347.0,314.0,294.0
2024-04-04 07:00:00,286,7,3,0,False,False,False,303.0,293.0,272.0,295.0,286.0
2024-04-04 08:00:00,316,8,3,0,False,False,False,286.0,303.0,293.0,298.0,316.0
2024-04-04 09:00:00,353,9,3,0,False,False,False,316.0,286.0,303.0,314.0,347.0
2024-04-04 10:00:00,375,10,3,0,False,False,False,353.0,316.0,286.0,380.0,357.0
2024-04-04 11:00:00,395,11,3,0,False,False,False,375.0,353.0,316.0,415.0,355.0
2024-04-04 12:00:00,390,12,3,0,False,False,False,395.0,375.0,353.0,421.0,335.0
2024-04-04 13:00:00,388,13,3,0,False,False,False,390.0,395.0,375.0,404.0,409.0
2024-04-04 14:00:00,380,14,3,0,False,False,False,388.0,390.0,395.0,376.0,322.0
2024-04-04 15:00:00,365,15,3,0,False,False,False,380.0,388.0,390.0,277.0,307.0
2024-04-04 16:00:00,317,16,3,0,False,False,False,365.0,380.0,388.0,324.0,308.0
2024-04-04 17:00:00,293,17,3,0,False,False,False,317.0,365.0,380.0,296.0,319.0
2024-04-04 18:00:00,280,18,3,0,False,True,False,293.0,317.0,365.0,293.0,303.0
2024-04-04 19:00:00,259,19,3,0,False,True,False,280.0,293.0,317.0,269.0,308.0
2024-04-04 20:00:00,330,20,3,0,False,False,False,259.0,280.0,293.0,319.0,306.0
2024-04-04 21:00:00,345,21,3,0,False,False,False,330.0,259.0,280.0,342.0,328.0
2024-04-04 22:00:00,379,22,3,0,False,False,False,345.0,330.0,259.0,400.0,370.0
2024-04-04 23:00:00,411,23,3,0,False,False,False,379.0,345.0,330.0,399.0,352.0
2024-04-05 00:00:00,368,0,4,0,False,True,False,411.0,379.0,345.0,394.0,350.0
2024-04-05 01:00:00,405,1,4,0,False,False,False,368.0,411.0,379.0,324.0,398.0
2024-04-05 02:00:00,292,2,4,0,True,False,False,405.0,368.0,411.0,364.0,387.0
2024-04-05 03:00:00,346,3,4,0,False,False,False,292.0,405.0,368.0,347.0,357.0
2024-04-05 04:00:00,335,4,4,0,False,False,False,346.0,292.0,405.0,272.0,282.0
2024-04-05 05:00:00,324,5,4,0,False,False,False,335.0,346.0,292.0,293.0,281.0
2024-04-05 06:00:00,313,6,4,0,False,False,False,324.0,335.0,346.0,303.0,293.0
2024-04-05 07:00:00,298,7,4,0,False,True,False,313.0,324.0,335.0,286.0,302.0
2024-04-05 08:00:00,321,8,4,0,False,False,False,298.0,313.0,324.0,316.0,282.0
2024-04-05 09:00:00,310,9,4,0,False,True,False,321.0,298.0,313.0,353.0,337.0
2024-04-05 10:00:00,381,10,4,0,False,False,False,310.0,321.0,298.0,375.0,360.0
2024-04-05 11:00:00,390,11,4,0,False,False,False,381.0,310.0,321.0,395.0,399.0
2024-04-05 12:00:00,399,12,4,0,False,False,False,390.0,381.0,310.0,390.0,359.0
2024-04-05 13:00:00,383,13,4,0,False,False,False,399.0,390.0,381.0,388.0,397.0
2024-04-05 14:00:00,391,14,4,0,False,False,False,383.0,399.0,390.0,380.0,368.0
2024-04-05 15:00:00,341,15,4,0,False,False,False,391.0,383.0,399.0,365.0,347.0
2024-04-05 16:00:00,333,16,4,0,False,False,False,341.0,391.0,383.0,317.0,329.0
2024-04-05 17:00:00,289,17,4,0,False,False,False,333.0,341.0,391.0,293.0,294.0
2024-04-05 18:00:00,309,18,4,0,False,False,False,289.0,333.0,341.0,280.0,281.0
2024-04-05 19:00:00,228,19,4,0,True,False,False,309.0,289.0,333.0,259.0,266.0
2024-04-05 20:00:00,327,20,4,0,False,False,False,228.0,309.0,289.0,330.0,331.0
2024-04-05 21:00:00,323,21,4,0,False,False,False,327.0,228.0,309.0,345.0,310.0
2024-04-05 22:00:00,364,22,4,0,False,False,False,323.0,327.0,228.0,379.0,349.0
2024-04-05 23:00:00,404,23,4,0,False,False,False,364.0,323.0,327.0,411.0,388.0
2024-04-06 00:00:00,257,0,5,1,False,False,False,404.0,364.0,323.0,368.0,263.0
2024-04-06 01:00:00,238,1,5,1,False,True,False,257.0,404.0,364.0,405.0,247.0
2024-04-06 02:00:00,222,2,5,1,False,True,False,238.0,257.0,404.0,292.0,246.0
2024-04-06 03:00:00,208,3,5,1,False,False,False,222.0,238.0,257.0,346.0,253.0
2024-04-06 04:00:00,200,4,5,1,False,True,False,208.0,222.0,238.0,335.0,222.0
2024-04-06 05:00:00,209,5,5,1,False,False,False,200.0,208.0,222.0,324.0,213.0
2024-04-06 06:00:00,184,6,5,1,False,False,False,209.0,200.0,208.0,313.0,206.0
2024-04-06 07:00:00,187,7,5,1,False,True,False,184.0,209.0,200.0,298.0,200.0
2024-04-06 08:00:00,181,8,5,1,False,True,False,187.0,184.0,209.0,321.0,209.0
2024-04-06 09:00:00,216,9,5,1,False,False,False,181.0,187.0,184.0,310.0,207.0
2024-04-06 10:00:00,246,10,5,1,False,False,False,216.0,181.0,187.0,381.0,254.0
2024-04-06 11:00:00,252,11,5,1,False,False,False,246.0,216.0,181.0,390.0,265.0
2024-04-06 12:00:00,294,12,5,1,False,False,False,252.0,246.0,216.0,399.0,246.0
2024-04-06 13:00:00,193,13,5,1,True,False,False,294.0,252.0,246.0,383.0,266.0
2024-04-06 14:00:00,262,14,5,1,False,False,False,193.0,294.0,252.0,391.0,244.0
2024-04-06 15:00:00,248,15,5,1,False,False,False,262.0,193.0,294.0,341.0,209.0
2024-04-06 16:00:00,194,16,5,1,False,False,False,248.0,262.0,193.0,333.0,207.0
2024-04-06 17:00:00,183,17,5,1,False,False,False,194.0,248.0,262.0,289.0,216.0
2024-04-06 18:00:00,184,18,5,1,False,True,False,183.0,194.0,248.0,309.0,172.0
2024-04-06 19:00:00,194,19,5,1,False,False,False,184.0,183.0,194.0,228.0,197.0
2024-04-06 20:00:00,195,20,5,1,False,True,False,194.0,184.0,183.0,327.0,240.0
2024-04-06 21:00:00,242,21,5,1,False,False,False,195.0,194.0,184.0,323.0,224.0
2024-04-06 22:00:00,217,22,5,1,False,True,False,242.0,195.0,194.0,364.0,232.0
2024-04-06 23:00:00,221,23,5,1,False,True,False,217.0,242.0,195.0,404.0,260.0
2024-04-07 00:00:00,181,0,6,1,True,False,False,221.0,217.0,242.0,257.0,255.0
2024-04-07 01:00:00,240,1,6,1,False,True,False,181.0,221.0,217.0,238.0,262.0
2024-04-07 02:00:00,216,2,6,1,False,True,False,240.0,181.0,221.0,222.0,260.0
2024-04-07 03:00:00,240,3,6,1,False,False,False,216.0,240.0,181.0,208.0,214.0
2024-04-07 04:00:00,221,4,6,1,False,False,False,240.0,216.0,240.0,200.0,214.0
2024-04-07 05:00:00,187,5,6,1,False,False,False,221.0,240.0,216.0,209.0,221.0
2024-04-07 06:00:00,179,6,6,1,True,False,False,187.0,221.0,240.0,184.0,198.0
2024-04-07 07:00:00,213,7,6,1,False,False,False,179.0,187.0,221.0,187.0,194.0
2024-04-07 08:00:00,221,8,6,1,False,False,False,213.0,179.0,187.0,181.0,184.0
2024-04-07 09:00:00,214,9,6,1,False,False,False,221.0,213.0,179.0,216.0,233.0
2024-04-07 10:00:00,241,10,6,1,False,False,False,214.0,221.0,213.0,246.0,226.0
2024-04-07 11:00:00,227,11,6,1,False,True,False,241.0,214.0,221.0,252.0,269.0
2024-04-07 12:00:00,262,12,6,1,False,False,False,227.0,241.0,214.0,294.0,268.0
2024-04-07 13:00:00,251,13,6,1,False,False,False,262.0,227.0,241.0,193.0,220.0
2024-04-07 14:00:00,258,14,6,1,False,False,False,251.0,262.0,227.0,262.0,234.0
2024-04-07 15:00:00,239,15,6,1,False,False,False,258.0,251.0,262.0,248.0,232.0
2024-04-07 16:00:00,223,16,6,1,False,False,False,239.0,258.0,251.0,194.0,215.0
2024-04-07 17:00:00,198,17,6,1,False,False,False,223.0,239.0,258.0,183.0,186.0
2024-04-07 18:00:00,193,18,6,1,False,True,False,198.0,223.0,239.0,184.0,190.0
2024-04-07 19:00:00,202,19,6,1,False,False,False,193.0,198.0,223.0,194.0,171.0
2024-04-07 20:00:00,157,20,6,1,False,True,False,202.0,193.0,198.0,195.0,211.0
2024-04-07 21:00:00,198,21,6,1,False,True,False,157.0,202.0,193.0,242.0,211.0
2024-04-07 22:00:00,245,22,6,1,False,False,False,198.0,157.0,202.0,217.0,197.0
2024-04-07 23:00:00,272,23,6,1,False,False,False,245.0,198.0,157.0,221.0,235.0
2024-04-08 00:00:00,316,0,0,0,True,False,False,272.0,245.0,198.0,181.0,387.0
2024-04-08 01:00:00,393,1,0,0,False,False,False,316.0,272.0,245.0,240.0,309.0
2024-04-08 02:00:00,333,2,0,0,False,True,False,393.0,316.0,272.0,216.0,369.0
2024-04-08 03:00:00,327,3,0,0,False,True,False,333.0,393.0,316.0,240.0,329.0
2024-04-08 04:00:00,322,4,0,0,False,False,False,327.0,333.0,393.0,221.0,297.0
2024-04-08 05:00:00,299,5,0,0,False,False,False,322.0,327.0,333.0,187.0,271.0
2024-04-08 06:00:00,287,6,0,0,False,False,False,299.0,322.0,327.0,179.0,276.0
2024-04-08 07:00:00,307,7,0,0,False,False,False,287.0,299.0,322.0,213.0,295.0
2024-04-08 08:00:00,310,8,0,0,False,False,False,307.0,287.0,299.0,221.0,327.0
2024-04-08 09:00:00,322,9,0,0,False,False,False,310.0,307.0,287.0,214.0,300.0
2024-04-08 10:00:00,376,10,0,0,False,False,False,322.0,310.0,307.0,241.0,334.0
2024-04-08 11:00:00,343,11,0,0,False,True,False,376.0,322.0,310.0,227.0,380.0
2024-04-08 12:00:00,404,12,0,0,False,False,False,343.0,376.0,322.0,262.0,383.0
2024-04-08 13:00:00,361,13,0,0,False,True,False,404.0,343.0,376.0,251.0,407.0
2024-04-08 14:00:00,394,14,0,0,False,False,False,361.0,404.0,343.0,258.0,355.0
2024-04-08 15:00:00,367,15,0,0,False,False,False,394.0,361.0,404.0,239.0,338.0
2024-04-08 16:00:00,320,16,0,0,False,False,False,367.0,394.0,361.0,223.0,314.0
2024-04-08 17:00:00,304,17,0,0,False,False,False,320.0,367.0,394.0,198.0,319.0
2024-04-08 18:00:00,281,18,0,0,False,False,False,304.0,320.0,367.0,193.0,294.0
2024-04-08 19:00:00,320,19,0,0,False,False,False,281.0,304.0,320.0,202.0,267.0
2024-04-08 20:00:00,259,20,0,0,True,False,False,320.0,281.0,304.0,157.0,321.0
2024-04-08 21:00:00,359,21,0,0,False,False,False,259.0,320.0,281.0,198.0,327.0
2024-04-08 22:00:00,328,22,0,0,False,True,False,359.0,259.0,320.0,245.0,378.0
2024-04-08 23:00:00,326,23,0,0,False,True,False,328.0,359.0,259.0,272.0,390.0
2024-04-09 00:00:00,418,0,1,0,False,False,False,326.0,328.0,359.0,316.0,406.0
2024-04-09 01:00:00,397,1,1,0,False,False,False,418.0,326.0,328.0,393.0,309.0
2024-04-09 02:00:00,343,2,1,0,False,True,False,397.0,418.0,326.0,333.0,385.0
2024-04-09 03:00:00,355,3,1,0,False,False,False,343.0,397.0,418.0,327.0,346.0
2024-04-09 04:00:00,335,4,1,0,False,False,False,355.0,343.0,397.0,322.0,273.0
2024-04-09 05:00:00,312,5,1,0,False,False,False,335.0,355.0,343.0,299.0,320.0
2024-04-09 06:00:00,277,6,1,0,False,False,False,312.0,335.0,355.0,287.0,307.0
2024-04-09 07:00:00,313,7,1,0,False,False,False,277.0,312.0,335.0,307.0,276.0
2024-04-09 08:00:00,279,8,1,0,False,True,False,313.0,277.0,312.0,310.0,324.0
2024-04-09 09:00:00,302,9,1,0,False,True,False,279.0,313.0,277.0,322.0,310.0
2024-04-09 10:00:00,390,10,1,0,False,False,False,302.0,279.0,313.0,376.0,379.0
2024-04-09 11:00:00,401,11,1,0,False,False,False,390.0,302.0,279.0,343.0,348.0
2024-04-09 12:00:00,396,12,1,0,False,False,False,401.0,390.0,302.0,404.0,401.0
2024-04-09 13:00:00,374,13,1,0,False,False,False,396.0,401.0,390.0,361.0,393.0
2024-04-09 14:00:00,381,14,1,0,False,False,False,374.0,396.0,401.0,394.0,325.0
2024-04-09 15:00:00,360,15,1,0,False,False,False,381.0,374.0,396.0,367.0,348.0
2024-04-09 16:00:00,326,16,1,0,False,False,False,360.0,381.0,374.0,320.0,335.0
2024-04-09 17:00:00,260,17,1,0,False,True,False,326.0,360.0,381.0,304.0,292.0
2024-04-09 18:00:00,287,18,1,0,False,False,False,260.0,326.0,360.0,281.0,289.0
2024-04-09 19:00:00,255,19,1,0,False,True,False,287.0,260.0,326.0,320.0,259.0
2024-04-09 20:00:00,319,20,1,0,False,False,False,255.0,287.0,260.0,259.0,303.0
2024-04-09 21:00:00,352,21,1,0,False,False,False,319.0,255.0,287.0,359.0,331.0
2024-04-09 22:00:00,381,22,1,0,False,False,False,352.0,319.0,255.0,328.0,394.0
2024-04-09 23:00:00,342,23,1,0,False,True,False,381.0,352.0,319.0,326.0,352.0
2024-04-10 00:00:00,403,0,2,0,False,False,False,342.0,381.0,352.0,418.0,389.0
2024-04-10 01:00:00,403,1,2,0,False,False,False,403.0,342.0,381.0,397.0,408.0
2024-04-10 02:00:00,335,2,2,0,False,True,False,403.0,403.0,342.0,343.0,362.0
2024-04-10 03:00:00,352,3,2,0,False,False,False,335.0,403.0,403.0,355.0,337.0
2024-04-10 04:00:00,320,4,2,0,False,True,False,352.0,335.0,403.0,335.0,346.0
2024-04-10 05:00:00,308,5,2,0,False,False,False,320.0,352.0,335.0,312.0,303.0
2024-04-10 06:00:00,307,6,2,0,False,False,False,308.0,320.0,352.0,277.0,314.0
2024-04-10 07:00:00,295,7,2,0,False,False,False,307.0,308.0,320.0,313.0,295.0
2024-04-10 08:00:00,317,8,2,0,False,False,False,295.0,307.0,308.0,279.0,298.0
2024-04-10 09:00:00,321,9,2,0,False,False,False,317.0,295.0,307.0,302.0,314.0
2024-04-10 10:00:00,332,10,2,0,False,True,False,321.0,317.0,295.0,390.0,380.0
2024-04-10 11:00:00,404,11,2,0,False,False,False,332.0,321.0,317.0,401.0,415.0
2024-04-10 12:00:00,425,12,2,0,False,False,False,404.0,332.0,321.0,396.0,421.0
2024-04-10 13:00:00,410,13,2,0,False,False,False,425.0,404.0,332.0,374.0,404.0
2024-04-10 14:00:00,387,14,2,0,False,False,False,410.0,425.0,404.0,381.0,376.0
2024-04-10 15:00:00,355,15,2,0,False,False,False,387.0,410.0,425.0,360.0,277.0
2024-04-10 16:00:00,320,16,2,0,False,False,False,355.0,387.0,410.0,326.0,324.0
2024-04-10 17:00:00,304,17,2,0,False,False,False,320.0,355.0,387.0,260.0,296.0
2024-04-10 18:00:00,303,18,2,0,False,False,False,304.0,320.0,355.0,287.0,293.0
2024-04-10 19:00:00,291,19,2,0,False,False,False,303.0,304.0,320.0,255.0,269.0
2024-04-10 20:00:00,328,20,2,0,False,False,False,291.0,303.0,304.0,319.0,319.0
2024-04-10 21:00:00,330,21,2,0,False,False,False,328.0,291.0,303.0,352.0,342.0
2024-04-10 22:00:00,347,22,2,0,False,False,False,330.0,328.0,291.0,381.0,400.0
2024-04-10 23:00:00,339,23,2,0,False,True,False,347.0,330.0,328.0,342.0,399.0
2024-04-11 00:00:00,380,0,3,0,False,False,False,339.0,347.0,330.0,403.0,394.0
2024-04-11 01:00:00,380,1,3,0,False,False,False,380.0,339.0,347.0,403.0,324.0
2024-04-11 02:00:00,393,2,3,0,False,False,False,380.0,380.0,339.0,335.0,364.0
2024-04-11 03:00:00,352,3,3,0,False,False,False,393.0,380.0,380.0,352.0,347.0
2024-04-11 04:00:00,297,4,3,0,False,True,False,352.0,393.0,380.0,320.0,272.0
2024-04-11 05:00:00,320,5,3,0,False,False,False,297.0,352.0,393.0,308.0,293.0
2024-04-11 06:00:00,311,6,3,0,False,False,False,320.0,297.0,352.0,307.0,303.0
2024-04-11 07:00:00,264,7,3,0,False,True,False,311.0,320.0,297.0,295.0,286.0
2024-04-11 08:00:00,333,8,3,0,False,False,False,264.0,311.0,320.0,317.0,316.0
2024-04-11 09:00:00,347,9,3,0,False,False,False,333.0,264.0,311.0,321.0,353.0
2024-04-11 10:00:00,369,10,3,0,False,False,False,347.0,333.0,264.0,332.0,375.0
2024-04-11 11:00:00,395,11,3,0,False,False,False,369.0,347.0,333.0,404.0,395.0
2024-04-11 12:00:00,383,12,3,0,False,False,False,395.0,369.0,347.0,425.0,390.0
2024-04-11 13:00:00,347,13,3,0,False,True,False,383.0,395.0,369.0,410.0,388.0
2024-04-11 14:00:00,378,14,3,0,False,False,False,347.0,383.0,395.0,387.0,380.0
2024-04-11 15:00:00,361,15,3,0,False,False,False,378.0,347.0,383.0,355.0,365.0
2024-04-11 16:00:00,323,16,3,0,False,False,False,361.0,378.0,347.0,320.0,317.0
2024-04-11 17:00:00,304,17,3,0,False,False,False,323.0,361.0,378.0,304.0,293.0
2024-04-11 18:00:00,308,18,3,0,False,False,False,304.0,323.0,361.0,303.0,280.0
2024-04-11 19:00:00,257,19,3,0,True,False,False,308.0,304.0,323.0,291.0,259.0
2024-04-11 20:00:00,326,20,3,0,False,False,False,257.0,308.0,304.0,328.0,330.0
2024-04-11 21:00:00,357,21,3,0,False,False,False,326.0,257.0,308.0,330.0,345.0
2024-04-11 22:00:00,364,22,3,0,False,False,False,357.0,326.0,257.0,347.0,379.0
2024-04-11 23:00:00,308,23,3,0,True,False,False,364.0,357.0,326.0,339.0,411.0
2024-04-12 00:00:00,364,0,4,0,False,True,False,308.0,364.0,357.0,380.0,368.0
2024-04-12 01:00:00,392,1,4,0,False,False,False,364.0,308.0,364.0,380.0,405.0
2024-04-12 02:00:00,373,2,4,0,False,False,False,392.0,364.0,308.0,393.0,292.0
2024-04-12 03:00:00,338,3,4,0,False,True,False,373.0,392.0,364.0,352.0,346.0
2024-04-12 04:00:00,292,4,4,0,False,True,False,338.0,373.0,392.0,297.0,335.0
2024-04-12 05:00:00,294,5,4,0,False,False,False,292.0,338.0,373.0,320.0,324.0
2024-04-12 06:00:00,272,6,4,0,False,True,False,294.0,292.0,338.0,311.0,313.0
2024-04-12 07:00:00,292,7,4,0,False,True,False,272.0,294.0,292.0,264.0,298.0
2024-04-12 08:00:00,318,8,4,0,False,False,False,292.0,272.0,294.0,333.0,321.0
2024-04-12 09:00:00,357,9,4,0,False,False,False,318.0,292.0,272.0,347.0,310.0
2024-04-12 10:00:00,364,10,4,0,False,False,False,357.0,318.0,292.0,369.0,381.0
2024-04-12 11:00:00,384,11,4,0,False,False,False,364.0,357.0,318.0,395.0,390.0
2024-04-12 12:00:00,392,12,4,0,False,False,False,384.0,364.0,357.0,383.0,399.0
2024-04-12 13:00:00,394,13,4,0,False,False,False,392.0,384.0,364.0,347.0,383.0
2024-04-12 14:00:00,401,14,4,0,False,False,False,394.0,392.0,384.0,378.0,391.0
2024-04-12 15:00:00,340,15,4,0,False,False,False,401.0,394.0,392.0,361.0,341.0
2024-04-12 16:00:00,347,16,4,0,False,False,False,340.0,401.0,394.0,323.0,333.0
2024-04-12 17:00:00,294,17,4,0,False,False,False,347.0,340.0,401.0,304.0,289.0
2024-04-12 18:00:00,293,18,4,0,False,False,False,294.0,347.0,340.0,308.0,309.0
2024-04-12 19:00:00,310,19,4,0,False,False,False,293.0,294.0,347.0,257.0,228.0
2024-04-12 20:00:00,324,20,4,0,False,False,False,310.0,293.0,294.0,326.0,327.0
2024-04-12 21:00:00,345,21,4,0,False,False,False,324.0,310.0,293.0,357.0,323.0
2024-04-12 22:00:00,349,22,4,0,False,False,False,345.0,324.0,310.0,364.0,364.0
2024-04-12 23:00:00,316,23,4,0,True,False,False,349.0,345.0,324.0,308.0,404.0
2024-04-13 00:00:00,254,0,5,1,False,False,False,316.0,349.0,345.0,364.0,257.0
2024-04-13 01:00:00,268,1,5,1,False,True,False,254.0,316.0,349.0,392.0,238.0
2024-04-13 02:00:00,225,2,5,1,False,True,False,268.0,254.0,316.0,373.0,222.0
2024-04-13 03:00:00,238,3,5,1,False,False,False,225.0,268.0,254.0,338.0,208.0
2024-04-13 04:00:00,183,4,5,1,False,True,False,238.0,225.0,268.0,292.0,200.0
2024-04-13 05:00:00,198,5,5,1,False,False,False,183.0,238.0,225.0,294.0,209.0
2024-04-13 06:00:00,182,6,5,1,False,False,False,198.0,183.0,238.0,272.0,184.0
2024-04-13 07:00:00,192,7,5,1,False,True,False,182.0,198.0,183.0,292.0,187.0
2024-04-13 08:00:00,187,8,5,1,False,True,False,192.0,182.0,198.0,318.0,181.0
2024-04-13 09:00:00,235,9,5,1,False,False,False,187.0,192.0,182.0,357.0,216.0
2024-04-13 10:00:00,213,10,5,1,False,True,False,235.0,187.0,192.0,364.0,246.0
2024-04-13 11:00:00,254,11,5,1,False,False,False,213.0,235.0,187.0,384.0,252.0
2024-04-13 12:00:00,229,12,5,1,True,False,False,254.0,213.0,235.0,392.0,294.0
2024-04-13 13:00:00,252,13,5,1,False,False,False,229.0,254.0,213.0,394.0,193.0
2024-04-13 14:00:00,206,14,5,1,False,True,False,252.0,229.0,254.0,401.0,262.0
2024-04-13 15:00:00,241,15,5,1,False,False,False,206.0,252.0,229.0,340.0,248.0
2024-04-13 16:00:00,204,16,5,1,False,False,False,241.0,206.0,252.0,347.0,194.0
2024-04-13 17:00:00,199,17,5,1,False,False,False,204.0,241.0,206.0,294.0,183.0
2024-04-13 18:00:00,189,18,5,1,False,True,False,199.0,204.0,241.0,293.0,184.0
2024-04-13 19:00:00,190,19,5,1,False,False,False,189.0,199.0,204.0,310.0,194.0
2024-04-13 20:00:00,222,20,5,1,False,False,False,190.0,189.0,199.0,324.0,195.0
2024-04-13 21:00:00,220,21,5,1,False,False,False,222.0,190.0,189.0,345.0,242.0
2024-04-13 22:00:00,264,22,5,1,False,False,False,220.0,222.0,190.0,349.0,217.0
2024-04-13 23:00:00,276,23,5,1,False,False,False,264.0,220.0,222.0,316.0,221.0
2024-04-14 00:00:00,261,0,6,1,False,False,False,276.0,264.0,220.0,254.0,181.0
2024-04-14 01:00:00,235,1,6,1,False,True,False,261.0,276.0,264.0,268.0,240.0
2024-04-14 02:00:00,243,2,6,1,False,False,False,235.0,261.0,276.0,225.0,216.0
2024-04-14 03:00:00,238,3,6,1,False,False,False,243.0,235.0,261.0,238.0,240.0
2024-04-14 04:00:00,232,4,6,1,False,False,False,238.0,243.0,235.0,183.0,221.0
2024-04-14 05:00:00,187,5,6,1,False,False,False,232.0,238.0,243.0,198.0,187.0
2024-04-14 06:00:00,208,6,6,1,False,False,False,187.0,232.0,238.0,182.0,179.0
2024-04-14 07:00:00,144,7,6,1,True,False,False,208.0,187.0,232.0,192.0,213.0
2024-04-14 08:00:00,201,8,6,1,False,False,False,144.0,208.0,187.0,187.0,221.0
2024-04-14 09:00:00,207,9,6,1,False,False,False,201.0,144.0,208.0,235.0,214.0
2024-04-14 10:00:00,271,10,6,1,False,False,False,207.0,201.0,144.0,213.0,241.0
2024-04-14 11:00:00,235,11,6,1,False,True,False,271.0,207.0,201.0,254.0,227.0
2024-04-14 12:00:00,270,12,6,1,False,False,False,235.0,271.0,207.0,229.0,262.0
2024-04-14 13:00:00,203,13,6,1,True,False,False,270.0,235.0,271.0,252.0,251.0
2024-04-14 14:00:00,266,14,6,1,False,False,False,203.0,270.0,235.0,206.0,258.0
2024-04-14 15:00:00,211,15,6,1,False,False,False,266.0,203.0,270.0,241.0,239.0
2024-04-14 16:00:00,218,16,6,1,False,False,False,211.0,266.0,203.0,204.0,223.0
2024-04-14 17:00:00,230,17,6,1,False,False,False,218.0,211.0,266.0,199.0,198.0
2024-04-14 18:00:00,193,18,6,1,False,False,False,230.0,218.0,211.0,189.0,193.0
2024-04-14 19:00:00,200,19,6,1,False,False,False,193.0,230.0,218.0,190.0,202.0
2024-04-14 20:00:00,219,20,6,1,False,False,False,200.0,193.0,230.0,222.0,157.0
2024-04-14 21:00:00,218,21,6,1,False,False,False,219.0,200.0,193.0,220.0,198.0
2024-04-14 22:00:00,246,22,6,1,False,False,False,218.0,219.0,200.0,264.0,245.0
2024-04-14 23:00:00,272,23,6,1,False,False,False,246.0,218.0,219.0,276.0,272.0
2024-04-15 00:00:00,322,0,0,0,True,False,False,272.0,246.0,218.0,261.0,316.0
2024-04-15 01:00:00,361,1,0,0,False,True,False,322.0,272.0,246.0,235.0,393.0
2024-04-15 02:00:00,375,2,0,0,False,False,False,361.0,322.0,272.0,243.0,333.0
2024-04-15 03:00:00,358,3,0,0,False,False,False,375.0,361.0,322.0,238.0,327.0
2024-04-15 04:00:00,295,4,0,0,False,True,False,358.0,375.0,361.0,232.0,322.0
2024-04-15 05:00:00,323,5,0,0,False,False,False,295.0,358.0,375.0,187.0,299.0
2024-04-15 06:00:00,275,6,0,0,False,True,False,323.0,295.0,358.0,208.0,287.0
2024-04-15 07:00:00,297,7,0,0,False,False,False,275.0,323.0,295.0,144.0,307.0
2024-04-15 08:00:00,256,8,0,0,False,True,False,297.0,275.0,323.0,201.0,310.0
2024-04-15 09:00:00,351,9,0,0,False,False,False,256.0,297.0,275.0,207.0,322.0
2024-04-15 10:00:00,378,10,0,0,False,False,False,351.0,256.0,297.0,271.0,376.0
2024-04-15 11:00:00,379,11,0,0,False,False,False,378.0,351.0,256.0,235.0,343.0
2024-04-15 12:00:00,376,12,0,0,False,False,False,379.0,378.0,351.0,270.0,404.0
2024-04-15 13:00:00,382,13,0,0,False,False,False,376.0,379.0,378.0,203.0,361.0
2024-04-15 14:00:00,390,14,0,0,False,False,False,382.0,376.0,379.0,266.0,394.0
2024-04-15 15:00:00,341,15,0,0,False,False,False,390.0,382.0,376.0,211.0,367.0
2024-04-15 16:00:00,289,16,0,0,False,True,False,341.0,390.0,382.0,218.0,320.0
2024-04-15 17:00:00,309,17,0,0,False,False,False,289.0,341.0,390.0,230.0,304.0
2024-04-15 18:00:00,311,18,0,0,False,False,False,309.0,289.0,341.0,193.0,281.0
2024-04-15 19:00:00,270,19,0,0,False,True,False,311.0,309.0,289.0,200.0,320.0
2024-04-15 20:00:00,316,20,0,0,False,False,False,270.0,311.0,309.0,219.0,259.0
2024-04-15 21:00:00,335,21,0,0,False,False,False,316.0,270.0,311.0,218.0,359.0
2024-04-15 22:00:00,388,22,0,0,False,False,False,335.0,316.0,270.0,246.0,328.0
2024-04-15 23:00:00,403,23,0,0,False,False,False,388.0,335.0,316.0,272.0,326.0
2024-04-16 00:00:00,399,0,1,0,False,False,False,403.0,388.0,335.0,322.0,418.0
2024-04-16 01:00:00,379,1,1,0,False,False,False,399.0,403.0,388.0,361.0,397.0
2024-04-16 02:00:00,332,2,1,0,False,True,False,379.0,399.0,403.0,375.0,343.0
2024-04-16 03:00:00,326,3,1,0,False,True,False,332.0,379.0,399.0,358.0,355.0
2024-04-16 04:00:00,319,4,1,0,False,False,False,326.0,332.0,379.0,295.0,335.0
2024-04-16 05:00:00,317,5,1,0,False,False,False,319.0,326.0,332.0,323.0,312.0
2024-04-16 06:00:00,271,6,1,0,False,True,False,317.0,319.0,326.0,275.0,277.0
2024-04-16 07:00:00,304,7,1,0,False,False,False,271.0,317.0,319.0,297.0,313.0
2024-04-16 08:00:00,325,8,1,0,False,False,False,304.0,271.0,317.0,256.0,279.0
2024-04-16 09:00:00,348,9,1,0,False,False,False,325.0,304.0,271.0,351.0,302.0
2024-04-16 10:00:00,359,10,1,0,False,False,False,348.0,325.0,304.0,378.0,390.0
2024-04-16 11:00:00,386,11,1,0,False,False,False,359.0,348.0,325.0,379.0,401.0
2024-04-16 12:00:00,388,12,1,0,False,True,False,386.0,359.0,348.0,376.0,396.0
2024-04-16 13:00:00,382,13,1,0,False,False,False,388.0,386.0,359.0,382.0,374.0
2024-04-16 14:00:00,373,14,1,0,False,False,False,382.0,388.0,386.0,390.0,381.0
2024-04-16 15:00:00,367,15,1,0,False,False,False,373.0,382.0,388.0,341.0,360.0
2024-04-16 16:00:00,325,16,1,0,False,False,False,367.0,373.0,382.0,289.0,326.0
2024-04-16 17:00:00,266,17,1,0,False,True,False,325.0,367.0,373.0,309.0,260.0
2024-04-16 18:00:00,280,18,1,0,False,False,False,266.0,325.0,367.0,311.0,287.0
2024-04-16 19:00:00,306,19,1,0,False,False,False,280.0,266.0,325.0,270.0,255.0
2024-04-16 20:00:00,329,20,1,0,False,False,False,306.0,280.0,266.0,316.0,319.0
2024-04-16 21:00:00,359,21,1,0,False,False,False,329.0,306.0,280.0,335.0,352.0
2024-04-16 22:00:00,369,22,1,0,False,False,False,359.0,329.0,306.0,388.0,381.0
2024-04-16 23:00:00,364,23,1,0,False,True,False,369.0,359.0,329.0,403.0,342.0
2024-04-17 00:00:00,388,0,2,0,False,False,False,364.0,369.0,359.0,399.0,403.0
2024-04-17 01:00:00,358,1,2,0,False,True,False,388.0,364.0,369.0,379.0,403.0
2024-04-17 02:00:00,371,2,2,0,False,False,False,358.0,388.0,364.0,332.0,335.0
2024-04-17 03:00:00,356,3,2,0,False,False,False,371.0,358.0,388.0,326.0,352.0
2024-04-17 04:00:00,336,4,2,0,False,False,False,356.0,371.0,358.0,319.0,320.0
2024-04-17 05:00:00,319,5,2,0,False,False,False,336.0,356.0,371.0,317.0,308.0
2024-04-17 06:00:00,284,6,2,0,False,False,False,319.0,336.0,356.0,271.0,307.0
2024-04-17 07:00:00,255,7,2,0,True,False,False,284.0,319.0,336.0,304.0,295.0
2024-04-17 08:00:00,279,8,2,0,False,True,False,255.0,284.0,319.0,325.0,317.0
2024-04-17 09:00:00,330,9,2,0,False,False,False,279.0,255.0,284.0,348.0,321.0
2024-04-17 10:00:00,367,10,2,0,False,False,False,330.0,279.0,255.0,359.0,332.0
2024-04-17 11:00:00,372,11,2,0,False,False,False,367.0,330.0,279.0,386.0,404.0
2024-04-17 12:00:00,400,12,2,0,False,False,False,372.0,367.0,330.0,388.0,425.0
2024-04-17 13:00:00,399,13,2,0,False,False,False,400.0,372.0,367.0,382.0,410.0
2024-04-17 14:00:00,377,14,2,0,False,False,False,399.0,400.0,372.0,373.0,387.0
2024-04-17 15:00:00,360,15,2,0,False,False,False,377.0,399.0,400.0,367.0,355.0
2024-04-17 16:00:00,291,16,2,0,False,True,False,360.0,377.0,399.0,325.0,320.0
2024-04-17 17:00:00,306,17,2,0,False,False,False,291.0,360.0,377.0,266.0,304.0
2024-04-17 18:00:00,279,18,2,0,False,False,False,306.0,291.0,360.0,280.0,303.0
2024-04-17 19:00:00,301,19,2,0,False,False,False,279.0,306.0,291.0,306.0,291.0
2024-04-17 20:00:00,275,20,2,0,False,True,False,301.0,279.0,306.0,329.0,328.0
2024-04-17 21:00:00,337,21,2,0,False,False,False,275.0,301.0,279.0,359.0,330.0
2024-04-17 22:00:00,368,22,2,0,False,False,False,337.0,275.0,301.0,369.0,347.0
2024-04-17 23:00:00,392,23,2,0,False,False,False,368.0,337.0,275.0,364.0,339.0
2024-04-18 00:00:00,380,0,3,0,False,False,False,392.0,368.0,337.0,388.0,380.0
2024-04-18 01:00:00,377,1,3,0,False,False,False,380.0,392.0,368.0,358.0,380.0
2024-04-18 02:00:00,376,2,3,0,False,False,False,377.0,380.0,392.0,371.0,393.0
2024-04-18 03:00:00,360,3,3,0,False,False,False,376.0,377.0,380.0,356.0,352.0
2024-04-18 04:00:00,332,4,3,0,False,False,False,360.0,376.0,377.0,336.0,297.0
2024-04-18 05:00:00,317,5,3,0,False,False,False,332.0,360.0,376.0,319.0,320.0
2024-04-18 06:00:00,312,6,3,0,False,False,False,317.0,332.0,360.0,284.0,311.0
2024-04-18 07:00:00,306,7,3,0,False,False,False,312.0,317.0,332.0,255.0,264.0
2024-04-18 08:00:00,317,8,3,0,False,False,False,306.0,312.0,317.0,279.0,333.0
2024-04-18 09:00:00,330,9,3,0,False,False,False,317.0,306.0,312.0,330.0,347.0
2024-04-18 10:00:00,357,10,3,0,False,False,False,330.0,317.0,306.0,367.0,369.0
2024-04-18 11:00:00,306,11,3,0,True,False,False,357.0,330.0,317.0,372.0,395.0
2024-04-18 12:00:00,323,12,3,0,True,False,False,306.0,357.0,330.0,400.0,383.0
2024-04-18 13:00:00,399,13,3,0,False,False,False,323.0,306.0,357.0,399.0,347.0
2024-04-18 14:00:00,379,14,3,0,False,False,False,399.0,323.0,306.0,377.0,378.0
2024-04-18 15:00:00,352,15,3,0,False,False,False,379.0,399.0,323.0,360.0,361.0
2024-04-18 16:00:00,335,16,3,0,False,False,False,352.0,379.0,399.0,291.0,323.0
2024-04-18 17:00:00,308,17,3,0,False,False,False,335.0,352.0,379.0,306.0,304.0
2024-04-18 18:00:00,270,18,3,0,False,True,False,308.0,335.0,352.0,279.0,308.0
2024-04-18 19:00:00,244,19,3,0,True,False,False,270.0,308.0,335.0,301.0,257.0
2024-04-18 20:00:00,279,20,3,0,False,True,False,244.0,270.0,308.0,275.0,326.0
2024-04-18 21:00:00,330,21,3,0,False,False,False,279.0,244.0,270.0,337.0,357.0
2024-04-18 22:00:00,375,22,3,0,False,False,False,330.0,279.0,244.0,368.0,364.0
2024-04-18 23:00:00,395,23,3,0,False,False,False,375.0,330.0,279.0,392.0,308.0
2024-04-19 00:00:00,357,0,4,0,False,True,False,395.0,375.0,330.0,380.0,364.0
2024-04-19 01:00:00,391,1,4,0,False,False,False,357.0,395.0,375.0,377.0,392.0
2024-04-19 02:00:00,331,2,4,0,True,False,False,391.0,357.0,395.0,376.0,373.0
2024-04-19 03:00:00,309,3,4,0,False,True,False,331.0,391.0,357.0,360.0,338.0
2024-04-19 04:00:00,325,4,4,0,False,False,False,309.0,331.0,391.0,332.0,292.0
2024-04-19 05:00:00,309,5,4,0,False,False,False,325.0,309.0,331.0,317.0,294.0
2024-04-19 06:00:00,282,6,4,0,False,False,False,309.0,325.0,309.0,312.0,272.0
2024-04-19 07:00:00,301,7,4,0,False,False,False,282.0,309.0,325.0,306.0,292.0
2024-04-19 08:00:00,338,8,4,0,False,False,False,301.0,282.0,309.0,317.0,318.0
2024-04-19 09:00:00,285,9,4,0,True,False,False,338.0,301.0,282.0,330.0,357.0
2024-04-19 10:00:00,339,10,4,0,False,True,False,285.0,338.0,301.0,357.0,364.0
2024-04-19 11:00:00,397,11,4,0,False,False,False,339.0,285.0,338.0,306.0,384.0
2024-04-19 12:00:00,321,12,4,0,True,False,False,397.0,339.0,285.0,323.0,392.0
2024-04-19 13:00:00,408,13,4,0,False,False,False,321.0,397.0,339.0,399.0,394.0
2024-04-19 14:00:00,339,14,4,0,False,True,False,408.0,321.0,397.0,379.0,401.0
2024-04-19 15:00:00,349,15,4,0,False,False,False,339.0,408.0,321.0,352.0,340.0
2024-04-19 16:00:00,328,16,4,0,False,False,False,349.0,339.0,408.0,335.0,347.0
2024-04-19 17:00:00,317,17,4,0,False,False,False,328.0,349.0,339.0,308.0,294.0
2024-04-19 18:00:00,300,18,4,0,False,False,False,317.0,328.0,349.0,270.0,293.0
2024-04-19 19:00:00,308,19,4,0,False,False,False,300.0,317.0,328.0,244.0,310.0
2024-04-19 20:00:00,293,20,4,0,False,False,False,308.0,300.0,317.0,279.0,324.0
2024-04-19 21:00:00,356,21,4,0,False,False,False,293.0,308.0,300.0,330.0,345.0
2024-04-19 22:00:00,323,22,4,0,True,False,False,356.0,293.0,308.0,375.0,349.0
2024-04-19 23:00:00,406,23,4,0,False,False,False,323.0,356.0,293.0,395.0,316.0
2024-04-20 00:00:00,236,0,5,1,False,True,False,406.0,323.0,356.0,357.0,254.0
2024-04-20 01:00:00,254,1,5,1,False,False,False,236.0,406.0,323.0,391.0,268.0
2024-04-20 02:00:00,256,2,5,1,False,False,False,254.0,236.0,406.0,331.0,225.0
2024-04-20 03:00:00,224,3,5,1,False,False,False,256.0,254.0,236.0,309.0,238.0
2024-04-20 04:00:00,227,4,5,1,False,False,False,224.0,256.0,254.0,325.0,183.0
2024-04-20 05:00:00,198,5,5,1,False,False,False,227.0,224.0,256.0,309.0,198.0
2024-04-20 06:00:00,209,6,5,1,False,False,False,198.0,227.0,224.0,282.0,182.0
2024-04-20 07:00:00,196,7,5,1,False,True,False,209.0,198.0,227.0,301.0,192.0
2024-04-20 08:00:00,145,8,5,1,True,False,False,196.0,209.0,198.0,338.0,187.0
2024-04-20 09:00:00,232,9,5,1,False,False,False,145.0,196.0,209.0,285.0,235.0
2024-04-20 10:00:00,237,10,5,1,False,False,False,232.0,145.0,196.0,339.0,213.0
2024-04-20 11:00:00,217,11,5,1,False,True,False,237.0,232.0,145.0,397.0,254.0
2024-04-20 12:00:00,259,12,5,1,False,False,False,217.0,237.0,232.0,321.0,229.0
2024-04-20 13:00:00,261,13,5,1,False,False,False,259.0,217.0,237.0,408.0,252.0
2024-04-20 14:00:00,265,14,5,1,False,False,False,261.0,259.0,217.0,339.0,206.0
2024-04-20 15:00:00,218,15,5,1,False,False,False,265.0,261.0,259.0,349.0,241.0
2024-04-20 16:00:00,231,16,5,1,False,False,False,218.0,265.0,261.0,328.0,204.0
2024-04-20 17:00:00,228,17,5,1,False,False,False,231.0,218.0,265.0,317.0,199.0
2024-04-20 18:00:00,205,18,5,1,False,False,False,228.0,231.0,218.0,300.0,189.0
2024-04-20 19:00:00,187,19,5,1,False,True,False,205.0,228.0,231.0,308.0,190.0
2024-04-20 20:00:00,211,20,5,1,False,False,False,187.0,205.0,228.0,293.0,222.0
2024-04-20 21:00:00,191,21,5,1,False,True,False,211.0,187.0,205.0,356.0,220.0
2024-04-20 22:00:00,252,22,5,1,False,False,False,191.0,211.0,187.0,323.0,264.0
2024-04-20 23:00:00,265,23,5,1,False,False,False,252.0,191.0,211.0,406.0,276.0
2024-04-21 00:00:00,275,0,6,1,False,False,False,265.0,252.0,191.0,236.0,261.0
2024-04-21 01:00:00,295,1,6,1,False,False,False,275.0,265.0,252.0,254.0,235.0
2024-04-21 02:00:00,262,2,6,1,False,False,False,295.0,275.0,265.0,256.0,243.0
2024-04-21 03:00:00,241,3,6,1,False,False,False,262.0,295.0,275.0,224.0,238.0
2024-04-21 04:00:00,237,4,6,1,False,False,False,241.0,262.0,295.0,227.0,232.0
2024-04-21 05:00:00,188,5,6,1,False,False,False,237.0,241.0,262.0,198.0,187.0
2024-04-21 06:00:00,184,6,6,1,False,False,False,188.0,237.0,241.0,209.0,208.0
2024-04-21 07:00:00,195,7,6,1,False,False,False,184.0,188.0,237.0,196.0,144.0
2024-04-21 08:00:00,182,8,6,1,False,True,False,195.0,184.0,188.0,145.0,201.0
2024-04-21 09:00:00,236,9,6,1,False,False,False,182.0,195.0,184.0,232.0,207.0
2024-04-21 10:00:00,217,10,6,1,False,True,False,236.0,182.0,195.0,237.0,271.0
2024-04-21 11:00:00,255,11,6,1,False,True,False,217.0,236.0,182.0,217.0,235.0
2024-04-21 12:00:00,285,12,6,1,False,False,False,255.0,217.0,236.0,259.0,270.0
2024-04-21 13:00:00,273,13,6,1,False,False,False,285.0,255.0,217.0,261.0,203.0
2024-04-21 14:00:00,248,14,6,1,False,False,False,273.0,285.0,255.0,265.0,266.0
2024-04-21 15:00:00,243,15,6,1,False,False,False,248.0,273.0,285.0,218.0,211.0
2024-04-21 16:00:00,206,16,6,1,False,True,False,243.0,248.0,273.0,231.0,218.0
2024-04-21 17:00:00,171,17,6,1,False,True,False,206.0,243.0,248.0,228.0,230.0
2024-04-21 18:00:00,202,18,6,1,False,False,False,171.0,206.0,243.0,205.0,193.0
2024-04-21 19:00:00,188,19,6,1,False,True,False,202.0,171.0,206.0,187.0,200.0
2024-04-21 20:00:00,214,20,6,1,False,False,False,188.0,202.0,171.0,211.0,219.0
2024-04-21 21:00:00,247,21,6,1,False,False,False,214.0,188.0,202.0,191.0,218.0
2024-04-21 22:00:00,260,22,6,1,False,False,False,247.0,214.0,188.0,252.0,246.0
2024-04-21 23:00:00,250,23,6,1,False,False,False,260.0,247.0,214.0,265.0,272.0
2024-04-22 00:00:00,361,0,0,0,False,True,False,250.0,260.0,247.0,275.0,322.0
2024-04-22 01:00:00,386,1,0,0,False,False,False,361.0,250.0,260.0,295.0,361.0
2024-04-22 02:00:00,386,2,0,0,False,False,False,386.0,361.0,250.0,262.0,375.0
2024-04-22 03:00:00,308,3,0,0,False,True,False,386.0,386.0,361.0,241.0,358.0
2024-04-22 04:00:00,338,4,0,0,False,False,False,308.0,386.0,386.0,237.0,295.0
2024-04-22 05:00:00,280,5,0,0,False,True,False,338.0,308.0,386.0,188.0,323.0
2024-04-22 06:00:00,308,6,0,0,False,False,False,280.0,338.0,308.0,184.0,275.0
2024-04-22 07:00:00,268,7,0,0,False,True,False,308.0,280.0,338.0,195.0,297.0
2024-04-22 08:00:00,299,8,0,0,False,False,False,268.0,308.0,280.0,182.0,256.0
2024-04-22 09:00:00,363,9,0,0,False,False,False,299.0,268.0,308.0,236.0,351.0
2024-04-22 10:00:00,367,10,0,0,False,False,False,363.0,299.0,268.0,217.0,378.0
2024-04-22 11:00:00,407,11,0,0,False,False,False,367.0,363.0,299.0,255.0,379.0
2024-04-22 12:00:00,405,12,0,0,False,False,False,407.0,367.0,363.0,285.0,376.0
2024-04-22 13:00:00,404,13,0,0,False,False,False,405.0,407.0,367.0,273.0,382.0
2024-04-22 14:00:00,363,14,0,0,False,True,False,404.0,405.0,407.0,248.0,390.0
2024-04-22 15:00:00,358,15,0,0,False,False,False,363.0,404.0,405.0,243.0,341.0
2024-04-22 16:00:00,344,16,0,0,False,False,False,358.0,363.0,404.0,206.0,289.0
2024-04-22 17:00:00,258,17,0,0,False,True,False,344.0,358.0,363.0,171.0,309.0
2024-04-22 18:00:00,247,18,0,0,True,False,False,258.0,344.0,358.0,202.0,311.0
2024-04-22 19:00:00,267,19,0,0,False,True,False,247.0,258.0,344.0,188.0,270.0
2024-04-22 20:00:00,315,20,0,0,False,False,False,267.0,247.0,258.0,214.0,316.0
2024-04-22 21:00:00,342,21,0,0,False,False,False,315.0,267.0,247.0,247.0,335.0
2024-04-22 22:00:00,373,22,0,0,False,False,False,342.0,315.0,267.0,260.0,388.0
2024-04-22 23:00:00,410,23,0,0,False,False,False,373.0,342.0,315.0,250.0,403.0
2024-04-23 00:00:00,378,0,1,0,False,False,False,410.0,373.0,342.0,361.0,399.0
2024-04-23 01:00:00,397,1,1,0,False,False,False,378.0,410.0,373.0,386.0,379.0
2024-04-23 02:00:00,371,2,1,0,False,False,False,397.0,378.0,410.0,386.0,332.0
2024-04-23 03:00:00,368,3,1,0,False,False,False,371.0,397.0,378.0,308.0,326.0
2024-04-23 04:00:00,322,4,1,0,False,False,False,368.0,371.0,397.0,338.0,319.0
2024-04-23 05:00:00,311,5,1,0,False,False,False,322.0,368.0,371.0,280.0,317.0
2024-04-23 06:00:00,291,6,1,0,False,False,False,311.0,322.0,368.0,308.0,271.0
2024-04-23 07:00:00,308,7,1,0,False,False,False,291.0,311.0,322.0,268.0,304.0
2024-04-23 08:00:00,329,8,1,0,False,False,False,308.0,291.0,311.0,299.0,325.0
2024-04-23 09:00:00,303,9,1,0,False,True,False,329.0,308.0,291.0,363.0,348.0
2024-04-23 10:00:00,369,10,1,0,False,False,False,303.0,329.0,308.0,367.0,359.0
2024-04-23 11:00:00,373,11,1,0,False,False,False,369.0,303.0,329.0,407.0,386.0
2024-04-23 12:00:00,324,12,1,0,True,False,False,373.0,369.0,303.0,405.0,388.0
2024-04-23 13:00:00,327,13,1,0,True,False,False,324.0,373.0,369.0,404.0,382.0
2024-04-23 14:00:00,373,14,1,0,False,False,False,327.0,324.0,373.0,363.0,373.0
2024-04-23 15:00:00,367,15,1,0,False,False,False,373.0,327.0,324.0,358.0,367.0
2024-04-23 16:00:00,302,16,1,0,False,False,False,367.0,373.0,327.0,344.0,325.0
2024-04-23 17:00:00,284,17,1,0,False,False,False,302.0,367.0,373.0,258.0,266.0
2024-04-23 18:00:00,279,18,1,0,False,False,False,284.0,302.0,367.0,247.0,280.0
2024-04-23 19:00:00,294,19,1,0,False,False,False,279.0,284.0,302.0,267.0,306.0
2024-04-23 20:00:00,317,20,1,0,False,False,False,294.0,279.0,284.0,315.0,329.0
2024-04-23 21:00:00,273,21,1,0,True,False,False,317.0,294.0,279.0,342.0,359.0
2024-04-23 22:00:00,331,22,1,0,False,True,False,273.0,317.0,294.0,373.0,369.0
2024-04-23 23:00:00,399,23,1,0,False,False,False,331.0,273.0,317.0,410.0,364.0
2024-04-24 00:00:00,394,0,2,0,False,False,False,399.0,331.0,273.0,378.0,388.0
2024-04-24 01:00:00,381,1,2,0,False,False,False,394.0,399.0,331.0,397.0,358.0
2024-04-24 02:00:00,364,2,2,0,False,False,False,381.0,394.0,399.0,371.0,371.0
2024-04-24 03:00:00,379,3,2,0,False,False,False,364.0,381.0,394.0,368.0,356.0
2024-04-24 04:00:00,299,4,2,0,False,False,False,379.0,364.0,381.0,322.0,336.0
2024-04-24 05:00:00,304,5,2,0,False,False,False,299.0,379.0,364.0,311.0,319.0
2024-04-24 06:00:00,314,6,2,0,False,False,False,304.0,299.0,379.0,291.0,284.0
2024-04-24 07:00:00,306,7,2,0,False,False,False,314.0,304.0,299.0,308.0,255.0
2024-04-24 08:00:00,307,8,2,0,False,False,False,306.0,314.0,304.0,329.0,279.0
2024-04-24 09:00:00,342,9,2,0,False,False,False,307.0,306.0,314.0,303.0,330.0
2024-04-24 10:00:00,342,10,2,0,False,True,False,342.0,307.0,306.0,369.0,367.0
2024-04-24 11:00:00,404,11,2,0,False,False,False,342.0,342.0,307.0,373.0,372.0
2024-04-24 12:00:00,389,12,2,0,False,False,False,404.0,342.0,342.0,324.0,400.0
2024-04-24 13:00:00,405,13,2,0,False,False,False,389.0,404.0,342.0,327.0,399.0
2024-04-24 14:00:00,382,14,2,0,False,False,False,405.0,389.0,404.0,373.0,377.0
2024-04-24 15:00:00,367,15,2,0,False,False,False,382.0,405.0,389.0,367.0,360.0
2024-04-24 16:00:00,311,16,2,0,False,True,False,367.0,382.0,405.0,302.0,291.0
2024-04-24 17:00:00,302,17,2,0,False,False,False,311.0,367.0,382.0,284.0,306.0
2024-04-24 18:00:00,279,18,2,0,False,False,False,302.0,311.0,367.0,279.0,279.0
2024-04-24 19:00:00,305,19,2,0,False,False,False,279.0,302.0,311.0,294.0,301.0
2024-04-24 20:00:00,338,20,2,0,False,False,False,305.0,279.0,302.0,317.0,275.0
2024-04-24 21:00:00,350,21,2,0,False,False,False,338.0,305.0,279.0,273.0,337.0
2024-04-24 22:00:00,372,22,2,0,False,False,False,350.0,338.0,305.0,331.0,368.0
2024-04-24 23:00:00,419,23,2,0,False,False,False,372.0,350.0,338.0,399.0,392.0
2024-04-25 00:00:00,387,0,3,0,False,False,False,419.0,372.0,350.0,394.0,380.0
2024-04-25 01:00:00,407,1,3,0,False,False,False,387.0,419.0,372.0,381.0,377.0
2024-04-25 02:00:00,334,2,3,0,False,True,False,407.0,387.0,419.0,364.0,376.0
2024-04-25 03:00:00,355,3,3,0,False,False,False,334.0,407.0,387.0,379.0,360.0
2024-04-25 04:00:00,328,4,3,0,False,False,False,355.0,334.0,407.0,299.0,332.0
2024-04-25 05:00:00,263,5,3,0,True,False,False,328.0,355.0,334.0,304.0,317.0
2024-04-25 06:00:00,285,6,3,0,False,False,False,263.0,328.0,355.0,314.0,312.0
2024-04-25 07:00:00,264,7,3,0,False,True,False,285.0,263.0,328.0,306.0,306.0
2024-04-25 08:00:00,298,8,3,0,False,False,False,264.0,285.0,263.0,307.0,317.0
2024-04-25 09:00:00,348,9,3,0,False,False,False,298.0,264.0,285.0,342.0,330.0
2024-04-25 10:00:00,363,10,3,0,False,False,False,348.0,298.0,264.0,342.0,357.0
2024-04-25 11:00:00,317,11,3,0,True,False,False,363.0,348.0,298.0,404.0,306.0
2024-04-25 12:00:00,387,12,3,0,False,False,False,317.0,363.0,348.0,389.0,323.0
2024-04-25 13:00:00,392,13,3,0,False,False,False,387.0,317.0,363.0,405.0,399.0
2024-04-25 14:00:00,392,14,3,0,False,False,False,392.0,387.0,317.0,382.0,379.0
2024-04-25 15:00:00,352,15,3,0,False,False,False,392.0,392.0,387.0,367.0,352.0
2024-04-25 16:00:00,335,16,3,0,False,False,False,352.0,392.0,392.0,311.0,335.0
2024-04-25 17:00:00,312,17,3,0,False,False,False,335.0,352.0,392.0,302.0,308.0
2024-04-25 18:00:00,292,18,3,0,False,False,False,312.0,335.0,352.0,279.0,270.0
2024-04-25 19:00:00,221,19,3,0,True,False,False,292.0,312.0,335.0,305.0,244.0
2024-04-25 20:00:00,329,20,3,0,False,False,False,221.0,292.0,312.0,338.0,279.0
2024-04-25 21:00:00,344,21,3,0,False,False,False,329.0,221.0,292.0,350.0,330.0
2024-04-25 22:00:00,381,22,3,0,False,False,False,344.0,329.0,221.0,372.0,375.0
2024-04-25 23:00:00,366,23,3,0,False,False,False,381.0,344.0,329.0,419.0,395.0
2024-04-26 00:00:00,340,0,4,0,False,True,True,366.0,381.0,344.0,387.0,357.0
2024-04-26 01:00:00,370,1,4,0,False,False,True,340.0,366.0,381.0,407.0,391.0
2024-04-26 02:00:00,369,2,4,0,False,False,True,370.0,340.0,366.0,334.0,331.0
2024-04-26 03:00:00,367,3,4,0,False,False,True,369.0,370.0,340.0,355.0,309.0
2024-04-26 04:00:00,301,4,4,0,False,True,True,367.0,369.0,370.0,328.0,325.0
2024-04-26 05:00:00,306,5,4,0,False,False,True,301.0,367.0,369.0,263.0,309.0
2024-04-26 06:00:00,298,6,4,0,False,False,True,306.0,301.0,367.0,285.0,282.0
2024-04-26 07:00:00,309,7,4,0,False,False,True,298.0,306.0,301.0,264.0,301.0
2024-04-26 08:00:00,282,8,4,0,False,True,True,309.0,298.0,306.0,298.0,338.0
2024-04-26 09:00:00,347,9,4,0,False,False,True,282.0,309.0,298.0,348.0,285.0
2024-04-26 10:00:00,334,10,4,0,False,True,True,347.0,282.0,309.0,363.0,339.0
2024-04-26 11:00:00,364,11,4,0,False,False,True,334.0,347.0,282.0,317.0,397.0
2024-04-26 12:00:00,355,12,4,0,False,True,True,364.0,334.0,347.0,387.0,321.0
2024-04-26 13:00:00,412,13,4,0,False,False,True,355.0,364.0,334.0,392.0,408.0
2024-04-26 14:00:00,374,14,4,0,False,False,True,412.0,355.0,364.0,392.0,339.0
2024-04-26 15:00:00,317,15,4,0,False,True,True,374.0,412.0,355.0,352.0,349.0
2024-04-26 16:00:00,320,16,4,0,False,False,True,317.0,374.0,412.0,335.0,328.0
2024-04-26 17:00:00,300,17,4,0,False,False,True,320.0,317.0,374.0,312.0,317.0
2024-04-26 18:00:00,310,18,4,0,False,False,True,300.0,320.0,317.0,292.0,300.0
2024-04-26 19:00:00,297,19,4,0,False,False,True,310.0,300.0,320.0,221.0,308.0
2024-04-26 20:00:00,305,20,4,0,False,False,True,297.0,310.0,300.0,329.0,293.0
2024-04-26 21:00:00,305,21,4,0,False,False,True,305.0,297.0,310.0,344.0,356.0
2024-04-26 22:00:00,325,22,4,0,False,True,True,305.0,305.0,297.0,381.0,323.0
2024-04-26 23:00:00,366,23,4,0,False,False,True,325.0,305.0,305.0,366.0,406.0
2024-04-27 00:00:00,245,0,5,1,False,False,True,366.0,325.0,305.0,340.0,236.0
2024-04-27 01:00:00,274,1,5,1,False,False,True,245.0,366.0,325.0,370.0,254.0
2024-04-27 02:00:00,261,2,5,1,False,False,True,274.0,245.0,366.0,369.0,256.0
2024-04-27 03:00:00,213,3,5,1,False,False,True,261.0,274.0,245.0,367.0,224.0
2024-04-27 04:00:00,207,4,5,1,False,True,True,213.0,261.0,274.0,301.0,227.0
2024-04-27 05:00:00,210,5,5,1,False,False,True,207.0,213.0,261.0,306.0,198.0
2024-04-27 06:00:00,188,6,5,1,False,False,True,210.0,207.0,213.0,298.0,209.0
2024-04-27 07:00:00,209,7,5,1,False,False,True,188.0,210.0,207.0,309.0,196.0
2024-04-27 08:00:00,192,8,5,1,False,False,True,209.0,188.0,210.0,282.0,145.0
2024-04-27 09:00:00,214,9,5,1,False,False,True,192.0,209.0,188.0,347.0,232.0
2024-04-27 10:00:00,229,10,5,1,False,False,True,214.0,192.0,209.0,334.0,237.0
2024-04-27 11:00:00,247,11,5,1,False,False,True,229.0,214.0,192.0,364.0,217.0
2024-04-27 12:00:00,277,12,5,1,False,False,True,247.0,229.0,214.0,355.0,259.0
2024-04-27 13:00:00,248,13,5,1,False,False,True,277.0,247.0,229.0,412.0,261.0
2024-04-27 14:00:00,239,14,5,1,False,False,True,248.0,277.0,247.0,374.0,265.0
2024-04-27 15:00:00,225,15,5,1,False,False,True,239.0,248.0,277.0,317.0,218.0
2024-04-27 16:00:00,220,16,5,1,False,False,True,225.0,239.0,248.0,320.0,231.0
2024-04-27 17:00:00,200,17,5,1,False,False,True,220.0,225.0,239.0,300.0,228.0
2024-04-27 18:00:00,208,18,5,1,False,False,True,200.0,220.0,225.0,310.0,205.0
2024-04-27 19:00:00,171,19,5,1,False,True,True,208.0,200.0,220.0,297.0,187.0
2024-04-27 20:00:00,196,20,5,1,False,False,True,171.0,208.0,200.0,305.0,211.0
2024-04-27 21:00:00,222,21,5,1,False,False,True,196.0,171.0,208.0,305.0,191.0
2024-04-27 22:00:00,246,22,5,1,False,False,True,222.0,196.0,171.0,325.0,252.0
2024-04-27 23:00:00,197,23,5,1,True,False,True,246.0,222.0,196.0,366.0,265.0
2024-04-28 00:00:00,270,0,6,1,False,False,False,197.0,246.0,222.0,245.0,275.0
2024-04-28 01:00:00,286,1,6,1,False,False,False,270.0,197.0,246.0,274.0,295.0
2024-04-28 02:00:00,246,2,6,1,False,False,False,286.0,270.0,197.0,261.0,262.0
2024-04-28 03:00:00,213,3,6,1,False,True,False,246.0,286.0,270.0,213.0,241.0
2024-04-28 04:00:00,234,4,6,1,False,False,False,213.0,246.0,286.0,207.0,237.0
2024-04-28 05:00:00,196,5,6,1,False,False,False,234.0,213.0,246.0,210.0,188.0
2024-04-28 06:00:00,167,6,6,1,False,True,False,196.0,234.0,213.0,188.0,184.0
2024-04-28 07:00:00,167,7,6,1,False,True,False,167.0,196.0,234.0,209.0,195.0
2024-04-28 08:00:00,216,8,6,1,False,False,False,167.0,167.0,196.0,192.0,182.0
2024-04-28 09:00:00,234,9,6,1,False,False,False,216.0,167.0,167.0,214.0,236.0
2024-04-28 10:00:00,195,10,6,1,True,False,False,234.0,216.0,167.0,229.0,217.0
2024-04-28 11:00:00,260,11,6,1,False,False,False,195.0,234.0,216.0,247.0,255.0
2024-04-28 12:00:00,282,12,6,1,False,False,False,260.0,195.0,234.0,277.0,285.0
2024-04-28 13:00:00,274,13,6,1,False,False,False,282.0,260.0,195.0,248.0,273.0
2024-04-28 14:00:00,236,14,6,1,False,False,False,274.0,282.0,260.0,239.0,248.0
2024-04-28 15:00:00,212,15,6,1,False,True,False,236.0,274.0,282.0,225.0,243.0
2024-04-28 16:00:00,219,16,6,1,False,False,False,212.0,236.0,274.0,220.0,206.0
2024-04-28 17:00:00,212,17,6,1,False,False,False,219.0,212.0,236.0,200.0,171.0
2024-04-28 18:00:00,194,18,6,1,False,False,False,212.0,219.0,212.0,208.0,202.0
2024-04-28 19:00:00,192,19,6,1,False,False,False,194.0,212.0,219.0,171.0,188.0
2024-04-28 20:00:00,163,20,6,1,True,False,False,192.0,194.0,212.0,196.0,214.0
2024-04-28 21:00:00,206,21,6,1,False,False,False,163.0,192.0,194.0,222.0,247.0
2024-04-28 22:00:00,245,22,6,1,False,False,False,206.0,163.0,192.0,246.0,260.0
2024-04-28 23:00:00,253,23,6,1,False,False,False,245.0,206.0,163.0,197.0,250.0
2024-04-29 00:00:00,325,0,0,0,True,False,False,253.0,245.0,206.0,270.0,361.0
2024-04-29 01:00:00,383,1,0,0,False,False,False,325.0,253.0,245.0,286.0,386.0
2024-04-29 02:00:00,336,2,0,0,False,True,False,383.0,325.0,253.0,246.0,386.0
2024-04-29 03:00:00,342,3,0,0,False,False,False,336.0,383.0,325.0,213.0,308.0
2024-04-29 04:00:00,314,4,0,0,False,False,False,342.0,336.0,383.0,234.0,338.0
2024-04-29 05:00:00,253,5,0,0,True,False,False,314.0,342.0,336.0,196.0,280.0
2024-04-29 06:00:00,290,6,0,0,False,False,False,253.0,314.0,342.0,167.0,308.0
2024-04-29 07:00:00,305,7,0,0,False,False,False,290.0,253.0,314.0,167.0,268.0
2024-04-29 08:00:00,303,8,0,0,False,False,False,305.0,290.0,253.0,216.0,299.0
2024-04-29 09:00:00,343,9,0,0,False,False,False,303.0,305.0,290.0,234.0,363.0
2024-04-29 10:00:00,348,10,0,0,False,False,False,343.0,303.0,305.0,195.0,367.0
2024-04-29 11:00:00,384,11,0,0,False,False,False,348.0,343.0,303.0,260.0,407.0
2024-04-29 12:00:00,353,12,0,0,False,True,False,384.0,348.0,343.0,282.0,405.0
2024-04-29 13:00:00,403,13,0,0,False,False,False,353.0,384.0,348.0,274.0,404.0
2024-04-29 14:00:00,381,14,0,0,False,False,False,403.0,353.0,384.0,236.0,363.0
2024-04-29 15:00:00,316,15,0,0,False,True,False,381.0,403.0,353.0,212.0,358.0
2024-04-29 16:00:00,337,16,0,0,False,False,False,316.0,381.0,403.0,219.0,344.0
2024-04-29 17:00:00,308,17,0,0,False,False,False,337.0,316.0,381.0,212.0,258.0
2024-04-29 18:00:00,243,18,0,0,True,False,False,308.0,337.0,316.0,194.0,247.0
2024-04-29 19:00:00,309,19,0,0,False,False,False,243.0,308.0,337.0,192.0,267.0
2024-04-29 20:00:00,316,20,0,0,False,False,False,309.0,243.0,308.0,163.0,315.0
2024-04-29 21:00:00,338,21,0,0,False,False,False,316.0,309.0,243.0,206.0,342.0
2024-04-29 22:00:00,372,22,0,0,False,False,False,338.0,316.0,309.0,245.0,373.0
2024-04-29 23:00:00,345,23,0,0,False,True,False,372.0,338.0,316.0,253.0,410.0
2024-04-30 00:00:00,404,0,1,0,False,False,False,345.0,372.0,338.0,325.0,378.0
2024-04-30 01:00:00,409,1,1,0,False,False,False,404.0,345.0,372.0,383.0,397.0
2024-04-30 02:00:00,389,2,1,0,False,False,False,409.0,404.0,345.0,336.0,371.0
2024-04-30 03:00:00,349,3,1,0,False,False,False,389.0,409.0,404.0,342.0,368.0
2024-04-30 04:00:00,311,4,1,0,False,False,False,349.0,389.0,409.0,314.0,322.0
2024-04-30 05:00:00,305,5,1,0,False,False,False,311.0,349.0,389.0,253.0,311.0
2024-04-30 06:00:00,264,6,1,0,False,True,False,305.0,311.0,349.0,290.0,291.0
2024-04-30 07:00:00,313,7,1,0,False,False,False,264.0,305.0,311.0,305.0,308.0
2024-04-30 08:00:00,312,8,1,0,False,False,False,313.0,264.0,305.0,303.0,329.0
2024-04-30 09:00:00,339,9,1,0,False,False,False,312.0,313.0,264.0,343.0,303.0
2024-04-30 10:00:00,303,10,1,0,True,False,False,339.0,312.0,313.0,348.0,369.0
2024-04-30 11:00:00,345,11,1,0,False,True,False,303.0,339.0,312.0,384.0,373.0
2024-04-30 12:00:00,357,12,1,0,False,True,False,345.0,303.0,339.0,353.0,324.0
2024-04-30 13:00:00,376,13,1,0,False,True,False,357.0,345.0,303.0,403.0,327.0
2024-04-30 14:00:00,396,14,1,0,False,False,False,376.0,357.0,345.0,381.0,373.0
2024-04-30 15:00:00,361,15,1,0,False,False,False,396.0,376.0,357.0,316.0,367.0
2024-04-30 16:00:00,330,16,1,0,False,False,False,361.0,396.0,376.0,337.0,302.0
2024-04-30 17:00:00,294,17,1,0,False,False,False,330.0,361.0,396.0,308.0,284.0
2024-04-30 18:00:00,302,18,1,0,False,False,False,294.0,330.0,361.0,243.0,279.0
2024-04-30 19:00:00,300,19,1,0,False,False,False,302.0,294.0,330.0,309.0,294.0
2024-04-30 20:00:00,287,20,1,0,False,True,False,300.0,302.0,294.0,316.0,317.0
2024-04-30 21:00:00,335,21,1,0,False,False,False,287.0,300.0,302.0,338.0,273.0
2024-04-30 22:00:00,331,22,1,0,False,True,False,335.0,287.0,300.0,372.0,331.0
2024-04-30 23:00:00,348,23,1,0,False,True,False,331.0,335.0,287.0,345.0,399.0
